image,gt_path,source_file,box_size,render_index,slots,occupied,empty,corners
/homes/mxqasim/Chocolathon/data/synthetic_filled_boxes/v5_10_slot/images/IMG_2035_size10_render00.jpg,/homes/mxqasim/Chocolathon/data/synthetic_filled_boxes/v5_10_slot/ground_truth/IMG_2035_size10_render00.csv,IMG_2035.jpg,10,0,10,10,0,"[[163.83999633789062, 360.79998779296875], [734.719970703125, 481.07000732421875], [727.0399780273438, 1850.0799560546875], [166.39999389648438, 1972.9000244140625]]"
/homes/mxqasim/Chocolathon/data/synthetic_filled_boxes/v5_10_slot/images/IMG_2035_size10_render01.jpg,/homes/mxqasim/Chocolathon/data/synthetic_filled_boxes/v5_10_slot/ground_truth/IMG_2035_size10_render01.csv,IMG_2035.jpg,10,1,10,10,0,"[[163.83999633789062, 360.79998779296875], [734.719970703125, 481.07000732421875], [727.0399780273438, 1850.0799560546875], [166.39999389648438, 1972.9000244140625]]"
/homes/mxqasim/Chocolathon/data/synthetic_filled_boxes/v5_10_slot/images/IMG_2035_size10_render02.jpg,/homes/mxqasim/Chocolathon/data/synthetic_filled_boxes/v5_10_slot/ground_truth/IMG_2035_size10_render02.csv,IMG_2035.jpg,10,2,10,10,0,"[[163.83999633789062, 360.79998779296875], [734.719970703125, 481.07000732421875], [727.0399780273438, 1850.0799560546875], [166.39999389648438, 1972.9000244140625]]"
/homes/mxqasim/Chocolathon/data/synthetic_filled_boxes/v5_10_slot/images/IMG_2036_size10_render00.jpg,/homes/mxqasim/Chocolathon/data/synthetic_filled_boxes/v5_10_slot/ground_truth/IMG_2036_size10_render00.csv,IMG_2036.jpg,10,0,10,10,0,"[[355.8399963378906, 511.7799987792969], [870.4000244140625, 519.4500122070312], [811.52001953125, 1855.18994140625], [110.08000183105469, 1839.8399658203125]]"
/homes/mxqasim/Chocolathon/data/synthetic_filled_boxes/v5_10_slot/images/IMG_2036_size10_render01.jpg,/homes/mxqasim/Chocolathon/data/synthetic_filled_boxes/v5_10_slot/ground_truth/IMG_2036_size10_render01.csv,IMG_2036.jpg,10,1,10,10,0,"[[355.8399963378906, 511.7799987792969], [870.4000244140625, 519.4500122070312], [811.52001953125, 1855.18994140625], [110.08000183105469, 1839.8399658203125]]"
/homes/mxqasim/Chocolathon/data/synthetic_filled_boxes/v5_10_slot/images/IMG_2036_size10_render02.jpg,/homes/mxqasim/Chocolathon/data/synthetic_filled_boxes/v5_10_slot/ground_truth/IMG_2036_size10_render02.csv,IMG_2036.jpg,10,2,10,10,0,"[[355.8399963378906, 511.7799987792969], [870.4000244140625, 519.4500122070312], [811.52001953125, 1855.18994140625], [110.08000183105469, 1839.8399658203125]]"
/homes/mxqasim/Chocolathon/data/synthetic_filled_boxes/v5_10_slot/images/IMG_2037_size10_render00.jpg,/homes/mxqasim/Chocolathon/data/synthetic_filled_boxes/v5_10_slot/ground_truth/IMG_2037_size10_render00.csv,IMG_2037.jpg,10,0,10,10,0,"[[260.6400146484375, 394.20001220703125], [470.0799865722656, 423.69000244140625], [471.6300048828125, 952.9199829101562], [254.42999267578125, 990.1599731445312]]"
/homes/mxqasim/Chocolathon/data/synthetic_filled_boxes/v5_10_slot/images/IMG_2037_size10_render01.jpg,/homes/mxqasim/Chocolathon/data/synthetic_filled_boxes/v5_10_slot/ground_truth/IMG_2037_size10_render01.csv,IMG_2037.jpg,10,1,10,10,0,"[[260.6400146484375, 394.20001220703125], [470.0799865722656, 423.69000244140625], [471.6300048828125, 952.9199829101562], [254.42999267578125, 990.1599731445312]]"
/homes/mxqasim/Chocolathon/data/synthetic_filled_boxes/v5_10_slot/images/IMG_2037_size10_render02.jpg,/homes/mxqasim/Chocolathon/data/synthetic_filled_boxes/v5_10_slot/ground_truth/IMG_2037_size10_render02.csv,IMG_2037.jpg,10,2,10,10,0,"[[260.6400146484375, 394.20001220703125], [470.0799865722656, 423.69000244140625], [471.6300048828125, 952.9199829101562], [254.42999267578125, 990.1599731445312]]"
