sample_id,file,source_file,flavor_id,family,flavor_name,annotation_mode,center_x,center_y,source_crop_size,crop_left,crop_top,crop_right,crop_bottom,padding_pixels,width,height,review_status,padding_fraction,blur_score,bright_fraction,dark_fraction,contrast,quality_flags,quality_status,review_decision,review_notes,source_relative_path,bundle_relative_path,donor_score,donor_rank
IMG_1978_c008,IMG_1978_c008.jpg,IMG_1978.jpg,cocoashot_amaretto,cocoashot,Amaretto,regular_grid,1431.69,655.5,431,1216,440,1647,871,0,224,224,pending,0.0,499.95,0.0013,0.0003,60.21,,provisional_accept,accept,,data/chocolates/individual_candidates/cocoashot_amaretto/IMG_1978_c008.jpg,images/accepted/cocoashot_amaretto/IMG_1978_c008.jpg,84.94602518282109,1
IMG_1978_c007,IMG_1978_c007.jpg,IMG_1978.jpg,cocoashot_amaretto,cocoashot,Amaretto,regular_grid,1000.55,658.95,431,785,443,1216,874,0,224,224,pending,0.0,517.95,0.0022,0.0,59.48,,provisional_accept,accept,,data/chocolates/individual_candidates/cocoashot_amaretto/IMG_1978_c007.jpg,images/accepted/cocoashot_amaretto/IMG_1978_c007.jpg,84.26723015764519,2
IMG_1978_c011,IMG_1978_c011.jpg,IMG_1978.jpg,cocoashot_amaretto,cocoashot,Amaretto,regular_grid,1015.62,1115.35,431,800,900,1231,1331,0,224,224,pending,0.0,344.86,0.0024,0.0002,60.43,,provisional_accept,accept,,data/chocolates/individual_candidates/cocoashot_amaretto/IMG_1978_c011.jpg,images/accepted/cocoashot_amaretto/IMG_1978_c011.jpg,83.5741362755911,3
IMG_1978_c012,IMG_1978_c012.jpg,IMG_1978.jpg,cocoashot_amaretto,cocoashot,Amaretto,regular_grid,1457.54,1111.9,431,1242,896,1673,1327,0,224,224,pending,0.0,367.32,0.0014,0.0,55.7,,provisional_accept,accept,,data/chocolates/individual_candidates/cocoashot_amaretto/IMG_1978_c012.jpg,images/accepted/cocoashot_amaretto/IMG_1978_c012.jpg,79.19580850213407,4
IMG_1978_c006,IMG_1978_c006.jpg,IMG_1978.jpg,cocoashot_amaretto,cocoashot,Amaretto,regular_grid,569.4,662.4,431,354,447,785,878,0,224,224,pending,0.0,174.8,0.0,0.0666,50.03,,provisional_accept,accept,,data/chocolates/individual_candidates/cocoashot_amaretto/IMG_1978_c006.jpg,images/accepted/cocoashot_amaretto/IMG_1978_c006.jpg,70.7073879410043,5
IMG_1979_c016,IMG_1979_c016.jpg,IMG_1979.jpg,cocoashot_bourbon,cocoashot,Bourbon,irregular_manual,785.81,1330.92,413,579,1124,992,1537,0,224,224,pending,0.0,265.04,0.001,0.0021,65.43,,provisional_accept,accept,,data/chocolates/individual_candidates/cocoashot_bourbon/IMG_1979_c016.jpg,images/accepted/cocoashot_bourbon/IMG_1979_c016.jpg,87.66458669366489,1
IMG_1979_c013,IMG_1979_c013.jpg,IMG_1979.jpg,cocoashot_bourbon,cocoashot,Bourbon,irregular_manual,313.69,1261.2,413,107,1055,520,1468,0,224,224,pending,0.0,456.09,0.0007,0.0,59.59,,provisional_accept,accept,,data/chocolates/individual_candidates/cocoashot_bourbon/IMG_1979_c013.jpg,images/accepted/cocoashot_bourbon/IMG_1979_c013.jpg,84.01952123218969,2
IMG_1979_c017,IMG_1979_c017.jpg,IMG_1979.jpg,cocoashot_bourbon,cocoashot,Bourbon,irregular_manual,234.47,1834.76,413,28,1628,441,2041,0,224,224,pending,0.0,370.08,0.0045,0.0,58.61,,provisional_accept,accept,,data/chocolates/individual_candidates/cocoashot_bourbon/IMG_1979_c017.jpg,images/accepted/cocoashot_bourbon/IMG_1979_c017.jpg,81.82567069114027,3
IMG_1984_c005,IMG_1984_c005.jpg,IMG_1984.jpg,cocoashot_bourbon,cocoashot,Bourbon,regular_grid,374.25,1331.56,599,75,1032,674,1631,0,224,224,pending,0.0,230.92,0.0026,0.0203,57.7,,provisional_accept,accept,,data/chocolates/individual_candidates/cocoashot_bourbon/IMG_1984_c005.jpg,images/accepted/cocoashot_bourbon/IMG_1984_c005.jpg,79.2255699384536,4
IMG_1979_c009,IMG_1979_c009.jpg,IMG_1979.jpg,cocoashot_bourbon,cocoashot,Bourbon,irregular_manual,798.48,808.06,413,592,602,1005,1015,0,224,224,pending,0.0,471.3,0.0,0.1665,52.29,,provisional_accept,accept,,data/chocolates/individual_candidates/cocoashot_bourbon/IMG_1979_c009.jpg,images/accepted/cocoashot_bourbon/IMG_1979_c009.jpg,76.92045750760829,5
IMG_1982_c014,IMG_1982_c014.jpg,IMG_1982.jpg,cocoashot_chocolate_cake,cocoashot,Chocolate Cake,regular_grid,895.2,2291.92,697,547,1943,1244,2640,0,224,224,pending,0.0,881.38,0.0055,0.0169,64.32,,provisional_accept,accept,,data/chocolates/individual_candidates/cocoashot_chocolate_cake/IMG_1982_c014.jpg,images/accepted/cocoashot_chocolate_cake/IMG_1982_c014.jpg,90.90049120889834,1
IMG_1982_c015,IMG_1982_c015.jpg,IMG_1982.jpg,cocoashot_chocolate_cake,cocoashot,Chocolate Cake,regular_grid,1598.31,2288.3,697,1250,1940,1947,2637,0,224,224,pending,0.0,596.21,0.0015,0.0084,64.31,,provisional_accept,accept,,data/chocolates/individual_candidates/cocoashot_chocolate_cake/IMG_1982_c015.jpg,images/accepted/cocoashot_chocolate_cake/IMG_1982_c015.jpg,89.7290752413358,2
IMG_1982_c011,IMG_1982_c011.jpg,IMG_1982.jpg,cocoashot_chocolate_cake,cocoashot,Chocolate Cake,regular_grid,1617.24,1577.91,697,1269,1229,1966,1926,0,224,224,pending,0.0,1534.89,0.0029,0.0547,60.36,,provisional_accept,accept,,data/chocolates/individual_candidates/cocoashot_chocolate_cake/IMG_1982_c011.jpg,images/accepted/cocoashot_chocolate_cake/IMG_1982_c011.jpg,89.41746118623935,3
IMG_1982_c010,IMG_1982_c010.jpg,IMG_1982.jpg,cocoashot_chocolate_cake,cocoashot,Chocolate Cake,regular_grid,918.56,1574.69,697,570,1226,1267,1923,0,224,224,pending,0.0,2627.95,0.0023,0.0767,56.97,,provisional_accept,accept,,data/chocolates/individual_candidates/cocoashot_chocolate_cake/IMG_1982_c010.jpg,images/accepted/cocoashot_chocolate_cake/IMG_1982_c010.jpg,88.23735922364303,4
IMG_1982_c007,IMG_1982_c007.jpg,IMG_1982.jpg,cocoashot_chocolate_cake,cocoashot,Chocolate Cake,regular_grid,1636.16,867.53,697,1288,519,1985,1216,0,224,224,pending,0.0,993.87,0.0011,0.1562,59.11,,provisional_accept,accept,,data/chocolates/individual_candidates/cocoashot_chocolate_cake/IMG_1982_c007.jpg,images/accepted/cocoashot_chocolate_cake/IMG_1982_c007.jpg,86.61044830142552,5
IMG_1977_c005,IMG_1977_c005.jpg,IMG_1977.jpg,cocoashot_old_fashioned,cocoashot,Old Fashioned,irregular_manual,1098.11,269.33,277,960,131,1237,408,0,224,224,pending,0.0,427.37,0.0,0.0009,58.28,,provisional_accept,accept,,data/chocolates/individual_candidates/cocoashot_old_fashioned/IMG_1977_c005.jpg,images/accepted/cocoashot_old_fashioned/IMG_1977_c005.jpg,82.51994923244126,1
IMG_1977_c007,IMG_1977_c007.jpg,IMG_1977.jpg,cocoashot_old_fashioned,cocoashot,Old Fashioned,irregular_manual,1524.88,294.27,277,1386,156,1663,433,0,224,224,pending,0.0,416.36,0.0001,0.0003,54.21,,provisional_accept,accept,,data/chocolates/individual_candidates/cocoashot_old_fashioned/IMG_1977_c007.jpg,images/accepted/cocoashot_old_fashioned/IMG_1977_c007.jpg,78.33579663485655,2
IMG_1977_c001,IMG_1977_c001.jpg,IMG_1977.jpg,cocoashot_old_fashioned,cocoashot,Old Fashioned,irregular_manual,184.68,321.7,277,46,183,323,460,0,224,224,pending,0.0,421.49,0.0,0.0,52.88,,provisional_accept,accept,,data/chocolates/individual_candidates/cocoashot_old_fashioned/IMG_1977_c001.jpg,images/accepted/cocoashot_old_fashioned/IMG_1977_c001.jpg,77.06466311151227,3
IMG_1977_c003,IMG_1977_c003.jpg,IMG_1977.jpg,cocoashot_old_fashioned,cocoashot,Old Fashioned,irregular_manual,628.92,309.23,277,490,171,767,448,0,224,224,pending,0.0,394.49,0.0,0.0,50.85,,provisional_accept,accept,,data/chocolates/individual_candidates/cocoashot_old_fashioned/IMG_1977_c003.jpg,images/accepted/cocoashot_old_fashioned/IMG_1977_c003.jpg,74.77050200975195,4
IMG_1977_c022,IMG_1977_c022.jpg,IMG_1977.jpg,cocoashot_old_fashioned,cocoashot,Old Fashioned,irregular_manual,1487.45,1067.35,277,1349,929,1626,1206,0,224,224,pending,0.0,566.97,0.0009,0.0007,49.33,,provisional_accept,accept,,data/chocolates/individual_candidates/cocoashot_old_fashioned/IMG_1977_c022.jpg,images/accepted/cocoashot_old_fashioned/IMG_1977_c022.jpg,74.60827440169952,5
IMG_1980_c008,IMG_1980_c008.jpg,IMG_1980.jpg,cocoashot_tequila,cocoashot,Tequila,irregular_manual,1388.16,806.11,367,1205,623,1572,990,0,224,224,pending,0.0,2102.83,0.0117,0.0384,73.72,,provisional_accept,accept,,data/chocolates/individual_candidates/cocoashot_tequila/IMG_1980_c008.jpg,images/accepted/cocoashot_tequila/IMG_1980_c008.jpg,103.15605908845656,1
IMG_1981_c011,IMG_1981_c011.jpg,IMG_1981.jpg,cocoashot_tequila,cocoashot,Tequila,irregular_manual,1743.66,1005.94,475,1506,768,1981,1243,0,224,224,pending,0.0,3189.63,0.0241,0.071,72.74,,provisional_accept,accept,,data/chocolates/individual_candidates/cocoashot_tequila/IMG_1981_c011.jpg,images/accepted/cocoashot_tequila/IMG_1981_c011.jpg,102.60189467377155,2
IMG_1980_c015,IMG_1980_c015.jpg,IMG_1980.jpg,cocoashot_tequila,cocoashot,Tequila,irregular_manual,1409.85,1373.49,367,1226,1190,1593,1557,0,224,224,pending,0.0,839.47,0.0039,0.0494,73.48,,provisional_accept,accept,,data/chocolates/individual_candidates/cocoashot_tequila/IMG_1980_c015.jpg,images/accepted/cocoashot_tequila/IMG_1980_c015.jpg,100.02584503668722,3
IMG_1981_c015,IMG_1981_c015.jpg,IMG_1981.jpg,cocoashot_tequila,cocoashot,Tequila,irregular_manual,1822.91,1762.38,475,1585,1525,2060,2000,0,224,224,pending,0.0,1824.77,0.0164,0.0309,70.13,,provisional_accept,accept,,data/chocolates/individual_candidates/cocoashot_tequila/IMG_1981_c015.jpg,images/accepted/cocoashot_tequila/IMG_1981_c015.jpg,98.52902837937008,4
IMG_1981_c002,IMG_1981_c002.jpg,IMG_1981.jpg,cocoashot_tequila,cocoashot,Tequila,irregular_manual,725.2,637.62,475,488,400,963,875,0,224,224,pending,0.0,2599.29,0.0286,0.2072,68.85,,provisional_accept,accept,,data/chocolates/individual_candidates/cocoashot_tequila/IMG_1981_c002.jpg,images/accepted/cocoashot_tequila/IMG_1981_c002.jpg,97.44351302500463,5
IMG_1983_c009,IMG_1983_c009.jpg,IMG_1983.jpg,cocoashot_whiskey,cocoashot,Whiskey,regular_grid,428.63,1517.01,675,91,1180,766,1855,0,224,224,pending,0.0,470.28,0.0004,0.0,74.26,,provisional_accept,accept,,data/chocolates/individual_candidates/cocoashot_whiskey/IMG_1983_c009.jpg,images/accepted/cocoashot_whiskey/IMG_1983_c009.jpg,98.84180958885372,1
IMG_1983_c013,IMG_1983_c013.jpg,IMG_1983.jpg,cocoashot_whiskey,cocoashot,Whiskey,regular_grid,370.93,2182.84,675,33,1845,708,2520,0,224,224,pending,0.0,404.17,0.0024,0.0,71.42,,provisional_accept,accept,,data/chocolates/individual_candidates/cocoashot_whiskey/IMG_1983_c013.jpg,images/accepted/cocoashot_whiskey/IMG_1983_c013.jpg,95.19722692848511,2
IMG_1983_c010,IMG_1983_c010.jpg,IMG_1983.jpg,cocoashot_whiskey,cocoashot,Whiskey,regular_grid,1174.61,1517.01,675,837,1180,1512,1855,0,224,224,pending,0.0,943.81,0.0014,0.0012,66.31,,provisional_accept,accept,,data/chocolates/individual_candidates/cocoashot_whiskey/IMG_1983_c010.jpg,images/accepted/cocoashot_whiskey/IMG_1983_c010.jpg,93.5739353963111,3
IMG_1983_c011,IMG_1983_c011.jpg,IMG_1983.jpg,cocoashot_whiskey,cocoashot,Whiskey,regular_grid,1920.59,1517.01,675,1583,1180,2258,1855,0,224,224,pending,0.0,1044.12,0.0002,0.0097,65.3,,provisional_accept,accept,,data/chocolates/individual_candidates/cocoashot_whiskey/IMG_1983_c011.jpg,images/accepted/cocoashot_whiskey/IMG_1983_c011.jpg,93.08754796136819,4
IMG_1983_c015,IMG_1983_c015.jpg,IMG_1983.jpg,cocoashot_whiskey,cocoashot,Whiskey,regular_grid,1904.1,2193.83,675,1567,1856,2242,2531,0,224,224,pending,0.0,373.61,0.0004,0.0059,64.47,,provisional_accept,accept,,data/chocolates/individual_candidates/cocoashot_whiskey/IMG_1983_c015.jpg,images/accepted/cocoashot_whiskey/IMG_1983_c015.jpg,88.13354193918065,5
IMG_1970_c028,IMG_1970_c028.jpg,IMG_1970.jpg,truffle_amaretto,truffle,Amaretto,regular_grid,1795.48,3489.1,470,1560,3254,2030,3724,0,224,224,pending,0.0,210.33,0.004,0.0,65.42,,provisional_accept,accept,,data/chocolates/individual_candidates/truffle_amaretto/IMG_1970_c028.jpg,images/accepted/truffle_amaretto/IMG_1970_c028.jpg,86.43368357109624,1
IMG_1970_c001,IMG_1970_c001.jpg,IMG_1970.jpg,truffle_amaretto,truffle,Amaretto,regular_grid,350.12,591.98,470,115,357,585,827,0,224,224,pending,0.0,373.85,0.0005,0.0096,61.54,,provisional_accept,accept,,data/chocolates/individual_candidates/truffle_amaretto/IMG_1970_c001.jpg,images/accepted/truffle_amaretto/IMG_1970_c001.jpg,85.19610378379629,2
IMG_1970_c008,IMG_1970_c008.jpg,IMG_1970.jpg,truffle_amaretto,truffle,Amaretto,regular_grid,1776.78,1149.58,470,1542,915,2012,1385,0,224,224,pending,0.0,365.37,0.0001,0.0007,59.49,,provisional_accept,accept,,data/chocolates/individual_candidates/truffle_amaretto/IMG_1970_c008.jpg,images/accepted/truffle_amaretto/IMG_1970_c008.jpg,83.09457500687421,3
IMG_1970_c020,IMG_1970_c020.jpg,IMG_1970.jpg,truffle_amaretto,truffle,Amaretto,regular_grid,1788.0,2553.29,470,1553,2318,2023,2788,0,224,224,pending,0.0,262.6,0.0067,0.0,60.92,,provisional_accept,accept,,data/chocolates/individual_candidates/truffle_amaretto/IMG_1970_c020.jpg,images/accepted/truffle_amaretto/IMG_1970_c020.jpg,82.5477312105134,4
IMG_1970_c024,IMG_1970_c024.jpg,IMG_1970.jpg,truffle_amaretto,truffle,Amaretto,regular_grid,1791.74,3021.2,470,1557,2786,2027,3256,0,224,224,pending,0.0,270.24,0.0154,0.0,60.95,,provisional_accept,accept,,data/chocolates/individual_candidates/truffle_amaretto/IMG_1970_c024.jpg,images/accepted/truffle_amaretto/IMG_1970_c024.jpg,81.82201615126256,5
IMG_1960_c006,IMG_1960_c006.jpg,IMG_1960.jpg,truffle_bananas_foster,truffle,Bananas Foster,irregular_manual,1877.76,712.04,462,1647,481,2109,943,0,224,224,pending,0.0,667.66,0.0014,0.0055,77.03,,provisional_accept,accept,,data/chocolates/individual_candidates/truffle_bananas_foster/IMG_1960_c006.jpg,images/accepted/truffle_bananas_foster/IMG_1960_c006.jpg,102.91110283885736,1
IMG_1960_c005,IMG_1960_c005.jpg,IMG_1960.jpg,truffle_bananas_foster,truffle,Bananas Foster,irregular_manual,1402.82,734.01,462,1172,503,1634,965,0,224,224,pending,0.0,367.69,0.0017,0.076,76.2,,provisional_accept,accept,,data/chocolates/individual_candidates/truffle_bananas_foster/IMG_1960_c005.jpg,images/accepted/truffle_bananas_foster/IMG_1960_c005.jpg,99.66982473020245,2
IMG_1960_c007,IMG_1960_c007.jpg,IMG_1960.jpg,truffle_bananas_foster,truffle,Bananas Foster,irregular_manual,391.38,1169.15,462,160,938,622,1400,0,224,224,pending,0.0,458.84,0.0022,0.1838,75.22,,provisional_accept,accept,,data/chocolates/individual_candidates/truffle_bananas_foster/IMG_1960_c007.jpg,images/accepted/truffle_bananas_foster/IMG_1960_c007.jpg,99.52351441156264,3
IMG_1960_c017,IMG_1960_c017.jpg,IMG_1960.jpg,truffle_bananas_foster,truffle,Bananas Foster,irregular_manual,1389.63,2136.11,462,1159,1905,1621,2367,0,224,224,pending,0.0,579.09,0.0016,0.0387,73.79,,provisional_accept,accept,,data/chocolates/individual_candidates/truffle_bananas_foster/IMG_1960_c017.jpg,images/accepted/truffle_bananas_foster/IMG_1960_c017.jpg,99.08273305566507,4
IMG_1960_c010,IMG_1960_c010.jpg,IMG_1960.jpg,truffle_bananas_foster,truffle,Bananas Foster,irregular_manual,1882.16,1182.33,462,1651,951,2113,1413,0,224,224,pending,0.0,364.75,0.0011,0.0023,75.51,,provisional_accept,accept,,data/chocolates/individual_candidates/truffle_bananas_foster/IMG_1960_c010.jpg,images/accepted/truffle_bananas_foster/IMG_1960_c010.jpg,99.00780015960093,5
IMG_1976_c003,IMG_1976_c003.jpg,IMG_1976.jpg,truffle_brownie_batter,truffle,Brownie Batter,regular_grid,1194.62,256.52,459,965,27,1424,486,0,224,224,pending,0.0,424.56,0.0007,0.1698,83.55,,provisional_accept,accept,,data/chocolates/individual_candidates/truffle_brownie_batter/IMG_1976_c003.jpg,images/accepted/truffle_brownie_batter/IMG_1976_c003.jpg,107.69362379459267,1
IMG_1976_c020,IMG_1976_c020.jpg,IMG_1976.jpg,truffle_brownie_batter,truffle,Brownie Batter,regular_grid,1666.23,2108.36,459,1437,1879,1896,2338,0,224,224,pending,0.0,915.08,0.0055,0.0,72.26,,provisional_accept,accept,,data/chocolates/individual_candidates/truffle_brownie_batter/IMG_1976_c020.jpg,images/accepted/truffle_brownie_batter/IMG_1976_c020.jpg,98.99041478842035,2
IMG_1976_c016,IMG_1976_c016.jpg,IMG_1976.jpg,truffle_brownie_batter,truffle,Brownie Batter,regular_grid,1664.6,1643.36,459,1435,1414,1894,1873,0,224,224,pending,0.0,928.97,0.0027,0.001,70.8,,provisional_accept,accept,,data/chocolates/individual_candidates/truffle_brownie_batter/IMG_1976_c016.jpg,images/accepted/truffle_brownie_batter/IMG_1976_c016.jpg,97.87060931024993,3
IMG_1976_c012,IMG_1976_c012.jpg,IMG_1976.jpg,truffle_brownie_batter,truffle,Brownie Batter,regular_grid,1662.97,1178.37,459,1433,949,1892,1408,0,224,224,pending,0.0,638.6,0.0014,0.0078,72.16,,provisional_accept,accept,,data/chocolates/individual_candidates/truffle_brownie_batter/IMG_1976_c012.jpg,images/accepted/truffle_brownie_batter/IMG_1976_c012.jpg,97.8633719238392,4
IMG_1976_c024,IMG_1976_c024.jpg,IMG_1976.jpg,truffle_brownie_batter,truffle,Brownie Batter,regular_grid,1667.86,2573.36,459,1438,2344,1897,2803,0,224,224,pending,0.0,823.15,0.0067,0.0,69.57,,provisional_accept,accept,,data/chocolates/individual_candidates/truffle_brownie_batter/IMG_1976_c024.jpg,images/accepted/truffle_brownie_batter/IMG_1976_c024.jpg,95.75741020870946,5
IMG_1964_c002,IMG_1964_c002.jpg,IMG_1964.jpg,truffle_caramel_apple_cider,truffle,Caramel Apple Cider,regular_grid,940.03,611.08,526,677,348,1203,874,0,224,224,pending,0.0,306.0,0.0002,0.0007,68.31,,provisional_accept,accept,,data/chocolates/individual_candidates/truffle_caramel_apple_cider/IMG_1964_c002.jpg,images/accepted/truffle_caramel_apple_cider/IMG_1964_c002.jpg,91.1973909903488,1
IMG_1964_c003,IMG_1964_c003.jpg,IMG_1964.jpg,truffle_caramel_apple_cider,truffle,Caramel Apple Cider,regular_grid,1446.55,592.42,526,1184,329,1710,855,0,224,224,pending,0.0,324.06,0.0005,0.0,67.01,,provisional_accept,accept,,data/chocolates/individual_candidates/truffle_caramel_apple_cider/IMG_1964_c003.jpg,images/accepted/truffle_caramel_apple_cider/IMG_1964_c003.jpg,90.09603912270013,2
IMG_1964_c004,IMG_1964_c004.jpg,IMG_1964.jpg,truffle_caramel_apple_cider,truffle,Caramel Apple Cider,regular_grid,1953.08,573.76,526,1690,311,2216,837,0,224,224,pending,0.0,292.73,0.0008,0.0,65.74,,provisional_accept,accept,,data/chocolates/individual_candidates/truffle_caramel_apple_cider/IMG_1964_c004.jpg,images/accepted/truffle_caramel_apple_cider/IMG_1964_c004.jpg,88.39064391213635,3
IMG_1964_c001,IMG_1964_c001.jpg,IMG_1964.jpg,truffle_caramel_apple_cider,truffle,Caramel Apple Cider,regular_grid,433.5,629.74,526,170,367,696,893,0,224,224,pending,0.0,256.35,0.0005,0.0008,65.66,,provisional_accept,accept,,data/chocolates/individual_candidates/truffle_caramel_apple_cider/IMG_1964_c001.jpg,images/accepted/truffle_caramel_apple_cider/IMG_1964_c001.jpg,87.81174810439505,4
IMG_1964_c006,IMG_1964_c006.jpg,IMG_1964.jpg,truffle_caramel_apple_cider,truffle,Caramel Apple Cider,regular_grid,917.03,1220.6,526,654,958,1180,1484,0,224,224,pending,0.0,352.7,0.0026,0.0106,63.46,,provisional_accept,accept,,data/chocolates/individual_candidates/truffle_caramel_apple_cider/IMG_1964_c006.jpg,images/accepted/truffle_caramel_apple_cider/IMG_1964_c006.jpg,86.67379638484574,5
IMG_1974_c004,IMG_1974_c004.jpg,IMG_1974.jpg,truffle_champagne,truffle,Champagne,irregular_manual,1724.58,922.41,420,1515,712,1935,1132,0,224,224,pending,0.0,784.46,0.0029,0.0197,80.93,,provisional_accept,accept,,data/chocolates/individual_candidates/truffle_champagne/IMG_1974_c004.jpg,images/accepted/truffle_champagne/IMG_1974_c004.jpg,107.30507813368025,1
IMG_1974_c003,IMG_1974_c003.jpg,IMG_1974.jpg,truffle_champagne,truffle,Champagne,irregular_manual,1162.91,1049.09,420,953,839,1373,1259,0,224,224,pending,0.0,834.44,0.0054,0.0222,77.96,,provisional_accept,accept,,data/chocolates/individual_candidates/truffle_champagne/IMG_1974_c003.jpg,images/accepted/truffle_champagne/IMG_1974_c003.jpg,104.33183412868516,2
IMG_1974_c002,IMG_1974_c002.jpg,IMG_1974.jpg,truffle_champagne,truffle,Champagne,irregular_manual,739.67,898.65,420,530,689,950,1109,0,224,224,pending,0.0,1172.16,0.0035,0.0031,75.05,,provisional_accept,accept,,data/chocolates/individual_candidates/truffle_champagne/IMG_1974_c002.jpg,images/accepted/truffle_champagne/IMG_1974_c002.jpg,102.96982496695423,3
IMG_1974_c001,IMG_1974_c001.jpg,IMG_1974.jpg,truffle_champagne,truffle,Champagne,irregular_manual,276.88,934.28,420,67,724,487,1144,0,224,224,pending,0.0,900.0,0.0021,0.0008,71.98,,provisional_accept,accept,,data/chocolates/individual_candidates/truffle_champagne/IMG_1974_c001.jpg,images/accepted/truffle_champagne/IMG_1974_c001.jpg,98.98402103043337,4
IMG_1974_c009,IMG_1974_c009.jpg,IMG_1974.jpg,truffle_champagne,truffle,Champagne,irregular_manual,312.48,1781.47,420,102,1571,522,1991,0,224,224,pending,0.0,548.7,0.003,0.0014,73.66,,provisional_accept,accept,,data/chocolates/individual_candidates/truffle_champagne/IMG_1974_c009.jpg,images/accepted/truffle_champagne/IMG_1974_c009.jpg,98.59749069946646,5
IMG_1988_c009,IMG_1988_c009.jpg,IMG_1988.jpg,truffle_cheesecake,truffle,Cheesecake,regular_grid,1086.27,1800.86,388,892,1607,1280,1995,7,224,224,pending,0.018,555.08,0.0055,0.0332,67.84,,provisional_accept,accept,,data/chocolates/individual_candidates/truffle_cheesecake/IMG_1988_c009.jpg,images/accepted/truffle_cheesecake/IMG_1988_c009.jpg,88.97364867516893,1
IMG_1988_c006,IMG_1988_c006.jpg,IMG_1988.jpg,truffle_cheesecake,truffle,Cheesecake,regular_grid,686.59,1351.67,388,493,1158,881,1546,0,224,224,pending,0.0,418.88,0.0019,0.0545,63.3,,provisional_accept,accept,,data/chocolates/individual_candidates/truffle_cheesecake/IMG_1988_c006.jpg,images/accepted/truffle_cheesecake/IMG_1988_c006.jpg,87.26987582467038,2
IMG_1988_c008,IMG_1988_c008.jpg,IMG_1988.jpg,truffle_cheesecake,truffle,Cheesecake,regular_grid,669.72,413.4,388,476,219,864,607,0,224,224,pending,0.0,409.12,0.0031,0.0257,62.91,,provisional_accept,accept,,data/chocolates/individual_candidates/truffle_cheesecake/IMG_1988_c008.jpg,images/accepted/truffle_cheesecake/IMG_1988_c008.jpg,86.66579919920756,3
IMG_1988_c002,IMG_1988_c002.jpg,IMG_1988.jpg,truffle_cheesecake,truffle,Cheesecake,regular_grid,297.65,1366.75,388,104,1173,492,1561,0,224,224,pending,0.0,382.65,0.0021,0.0179,62.43,,provisional_accept,accept,,data/chocolates/individual_candidates/truffle_cheesecake/IMG_1988_c002.jpg,images/accepted/truffle_cheesecake/IMG_1988_c002.jpg,86.0189227144947,4
IMG_1988_c004,IMG_1988_c004.jpg,IMG_1988.jpg,truffle_cheesecake,truffle,Cheesecake,regular_grid,285.38,418.77,388,91,225,479,613,0,224,224,pending,0.0,290.82,0.0022,0.0128,62.73,,provisional_accept,accept,,data/chocolates/individual_candidates/truffle_cheesecake/IMG_1988_c004.jpg,images/accepted/truffle_cheesecake/IMG_1988_c004.jpg,85.2145486953435,5
IMG_1994_c014,IMG_1994_c014.jpg,IMG_1994.jpg,truffle_confetti_cake,truffle,Confetti Cake,regular_grid,1002.9,2008.91,594,706,1712,1300,2306,0,224,224,pending,0.0,901.95,0.0011,0.0058,54.96,,provisional_accept,accept,,data/chocolates/individual_candidates/truffle_confetti_cake/IMG_1994_c014.jpg,images/accepted/truffle_confetti_cake/IMG_1994_c014.jpg,82.07266872359341,1
IMG_1994_c012,IMG_1994_c012.jpg,IMG_1994.jpg,truffle_confetti_cake,truffle,Confetti Cake,regular_grid,2189.27,1344.93,594,1892,1048,2486,1642,0,224,224,pending,0.0,587.87,0.0382,0.0,58.68,,provisional_accept,accept,,data/chocolates/individual_candidates/truffle_confetti_cake/IMG_1994_c012.jpg,images/accepted/truffle_confetti_cake/IMG_1994_c012.jpg,80.37282178487148,2
IMG_1994_c016,IMG_1994_c016.jpg,IMG_1994.jpg,truffle_confetti_cake,truffle,Confetti Cake,regular_grid,2217.79,1950.31,594,1921,1653,2515,2247,0,224,224,pending,0.0,465.83,0.0045,0.0,55.56,,provisional_accept,accept,,data/chocolates/individual_candidates/truffle_confetti_cake/IMG_1994_c016.jpg,images/accepted/truffle_confetti_cake/IMG_1994_c016.jpg,79.69386066279812,3
IMG_1994_c010,IMG_1994_c010.jpg,IMG_1994.jpg,truffle_confetti_cake,truffle,Confetti Cake,regular_grid,986.71,1414.85,594,690,1118,1284,1712,0,224,224,pending,0.0,820.84,0.0013,0.0063,52.82,,provisional_accept,accept,,data/chocolates/individual_candidates/truffle_confetti_cake/IMG_1994_c010.jpg,images/accepted/truffle_confetti_cake/IMG_1994_c010.jpg,79.53618291563204,4
IMG_1994_c011,IMG_1994_c011.jpg,IMG_1994.jpg,truffle_confetti_cake,truffle,Confetti Cake,regular_grid,1587.99,1379.89,594,1291,1083,1885,1677,0,224,224,pending,0.0,732.01,0.0025,0.0048,53.0,,provisional_accept,accept,,data/chocolates/individual_candidates/truffle_confetti_cake/IMG_1994_c011.jpg,images/accepted/truffle_confetti_cake/IMG_1994_c011.jpg,79.13863737743358,5
IMG_1992_c013,IMG_1992_c013.jpg,IMG_1992.jpg,truffle_cookies_cream,truffle,Cookies & Cream,regular_grid,397.03,1978.03,464,165,1746,629,2210,0,224,224,pending,0.0,194.95,0.0947,0.0,62.8,,provisional_accept,accept,,data/chocolates/individual_candidates/truffle_cookies_cream/IMG_1992_c013.jpg,images/accepted/truffle_cookies_cream/IMG_1992_c013.jpg,74.44143809858255,1
IMG_1992_c025,IMG_1992_c025.jpg,IMG_1992.jpg,truffle_cookies_cream,truffle,Cookies & Cream,regular_grid,386.06,3350.81,464,154,3119,618,3583,0,224,224,pending,0.0,134.58,0.001,0.0,53.89,,provisional_accept,accept,,data/chocolates/individual_candidates/truffle_cookies_cream/IMG_1992_c025.jpg,images/accepted/truffle_cookies_cream/IMG_1992_c025.jpg,73.42824748801128,2
IMG_1992_c028,IMG_1992_c028.jpg,IMG_1992.jpg,truffle_cookies_cream,truffle,Cookies & Cream,regular_grid,2048.77,3377.13,464,1817,3145,2281,3609,0,224,224,pending,0.0,272.66,0.0011,0.0003,48.64,,provisional_accept,accept,,data/chocolates/individual_candidates/truffle_cookies_cream/IMG_1992_c028.jpg,images/accepted/truffle_cookies_cream/IMG_1992_c028.jpg,70.97754583980667,3
IMG_1992_c027,IMG_1992_c027.jpg,IMG_1992.jpg,truffle_cookies_cream,truffle,Cookies & Cream,regular_grid,1494.54,3368.36,464,1263,3136,1727,3600,0,224,224,pending,0.0,304.47,0.0048,0.0008,48.16,,provisional_accept,accept,,data/chocolates/individual_candidates/truffle_cookies_cream/IMG_1992_c027.jpg,images/accepted/truffle_cookies_cream/IMG_1992_c027.jpg,70.5674062964683,4
IMG_1992_c024,IMG_1992_c024.jpg,IMG_1992.jpg,truffle_cookies_cream,truffle,Cookies & Cream,regular_grid,2037.08,2907.11,464,1805,2675,2269,3139,0,224,224,pending,0.0,195.33,0.0002,0.0025,46.45,,provisional_accept,accept,,data/chocolates/individual_candidates/truffle_cookies_cream/IMG_1992_c024.jpg,images/accepted/truffle_cookies_cream/IMG_1992_c024.jpg,67.54918766764264,5
IMG_1996_c018,IMG_1996_c018.jpg,IMG_1996.jpg,truffle_creamsicle,truffle,Creamsicle,regular_grid,880.83,2208.78,433,664,1992,1097,2425,0,224,224,pending,0.0,129.84,0.0005,0.0003,51.35,,provisional_accept,accept,,data/chocolates/individual_candidates/truffle_creamsicle/IMG_1996_c018.jpg,images/accepted/truffle_creamsicle/IMG_1996_c018.jpg,70.79590081068073,1
IMG_1989_c011,IMG_1989_c011.jpg,IMG_1989.jpg,truffle_creamsicle,truffle,Creamsicle,regular_grid,1070.63,846.47,410,866,641,1276,1051,0,224,224,pending,0.0,92.89,0.0005,0.0,47.29,,provisional_accept,accept,,data/chocolates/individual_candidates/truffle_creamsicle/IMG_1989_c011.jpg,images/accepted/truffle_creamsicle/IMG_1989_c011.jpg,65.40849553708183,2
IMG_1996_c023,IMG_1996_c023.jpg,IMG_1996.jpg,truffle_creamsicle,truffle,Creamsicle,regular_grid,1386.65,2662.91,433,1170,2446,1603,2879,0,224,224,pending,0.0,130.18,0.0006,0.0,39.96,,provisional_accept,accept,,data/chocolates/individual_candidates/truffle_creamsicle/IMG_1996_c023.jpg,images/accepted/truffle_creamsicle/IMG_1996_c023.jpg,59.406281703462355,3
IMG_1996_c017,IMG_1996_c017.jpg,IMG_1996.jpg,truffle_creamsicle,truffle,Creamsicle,regular_grid,368.35,2186.52,433,152,1970,585,2403,0,224,224,pending,0.0,147.53,0.0008,0.0001,37.65,,provisional_accept,accept,,data/chocolates/individual_candidates/truffle_creamsicle/IMG_1996_c017.jpg,images/accepted/truffle_creamsicle/IMG_1996_c017.jpg,57.573147832165766,4
IMG_1996_c019,IMG_1996_c019.jpg,IMG_1996.jpg,truffle_creamsicle,truffle,Creamsicle,regular_grid,1393.32,2231.04,433,1177,2015,1610,2448,0,224,224,pending,0.0,83.65,0.0,0.0,39.03,,provisional_accept,accept,,data/chocolates/individual_candidates/truffle_creamsicle/IMG_1996_c019.jpg,images/accepted/truffle_creamsicle/IMG_1996_c019.jpg,56.78410043431658,5
IMG_1973_c004,IMG_1973_c004.jpg,IMG_1973.jpg,truffle_creme_brulee,truffle,Crème Brûlée,regular_grid,2021.67,632.04,486,1779,389,2265,875,0,224,224,pending,0.0,2849.33,0.0087,0.0624,71.02,,provisional_accept,accept,,data/chocolates/individual_candidates/truffle_creme_brulee/IMG_1973_c004.jpg,images/accepted/truffle_creme_brulee/IMG_1973_c004.jpg,101.97076022413319,1
IMG_1973_c009,IMG_1973_c009.jpg,IMG_1973.jpg,truffle_creme_brulee,truffle,Crème Brûlée,regular_grid,345.27,1668.77,486,102,1426,588,1912,0,224,224,pending,0.0,2233.51,0.0106,0.0171,71.74,,provisional_accept,accept,,data/chocolates/individual_candidates/truffle_creme_brulee/IMG_1973_c009.jpg,images/accepted/truffle_creme_brulee/IMG_1973_c009.jpg,101.5271089745504,2
IMG_1973_c013,IMG_1973_c013.jpg,IMG_1973.jpg,truffle_creme_brulee,truffle,Crème Brûlée,regular_grid,327.1,2150.76,486,84,1908,570,2394,0,224,224,pending,0.0,1394.87,0.0042,0.0195,71.76,,provisional_accept,accept,,data/chocolates/individual_candidates/truffle_creme_brulee/IMG_1973_c013.jpg,images/accepted/truffle_creme_brulee/IMG_1973_c013.jpg,100.30509262310765,3
IMG_1973_c019,IMG_1973_c019.jpg,IMG_1973.jpg,truffle_creme_brulee,truffle,Crème Brûlée,regular_grid,1390.18,2602.43,486,1147,2359,1633,2845,0,224,224,pending,0.0,1465.58,0.0027,0.0414,70.87,,provisional_accept,accept,,data/chocolates/individual_candidates/truffle_creme_brulee/IMG_1973_c019.jpg,images/accepted/truffle_creme_brulee/IMG_1973_c019.jpg,99.76275375433288,4
IMG_1973_c014,IMG_1973_c014.jpg,IMG_1973.jpg,truffle_creme_brulee,truffle,Crème Brûlée,regular_grid,869.24,2133.33,486,626,1890,1112,2376,0,224,224,pending,0.0,2183.72,0.0043,0.0537,68.96,,provisional_accept,accept,,data/chocolates/individual_candidates/truffle_creme_brulee/IMG_1973_c014.jpg,images/accepted/truffle_creme_brulee/IMG_1973_c014.jpg,99.28697181146056,5
IMG_1961_c001,IMG_1961_c001.jpg,IMG_1961.jpg,truffle_dulce_de_leche,truffle,Dulce de Leche,irregular_manual,1749.81,235.77,462,1519,5,1981,467,0,224,224,pending,0.0,264.53,0.0013,0.0,75.94,,provisional_accept,accept,,data/chocolates/individual_candidates/truffle_dulce_de_leche/IMG_1961_c001.jpg,images/accepted/truffle_dulce_de_leche/IMG_1961_c001.jpg,98.13691131459558,1
IMG_1961_c004,IMG_1961_c004.jpg,IMG_1961.jpg,truffle_dulce_de_leche,truffle,Dulce de Leche,irregular_manual,1328.22,725.46,462,1097,494,1559,956,0,224,224,pending,0.0,351.95,0.002,0.0181,73.51,,provisional_accept,accept,,data/chocolates/individual_candidates/truffle_dulce_de_leche/IMG_1961_c004.jpg,images/accepted/truffle_dulce_de_leche/IMG_1961_c004.jpg,96.77530561536592,2
IMG_1961_c010,IMG_1961_c010.jpg,IMG_1961.jpg,truffle_dulce_de_leche,truffle,Dulce de Leche,irregular_manual,344.52,1691.23,462,114,1460,576,1922,0,224,224,pending,0.0,383.95,0.0399,0.0096,75.1,,provisional_accept,accept,,data/chocolates/individual_candidates/truffle_dulce_de_leche/IMG_1961_c010.jpg,images/accepted/truffle_dulce_de_leche/IMG_1961_c010.jpg,94.92245382289623,3
IMG_1961_c014,IMG_1961_c014.jpg,IMG_1961.jpg,truffle_dulce_de_leche,truffle,Dulce de Leche,irregular_manual,367.19,2167.31,462,136,1936,598,2398,0,224,224,pending,0.0,258.27,0.0077,0.0301,73.39,,provisional_accept,accept,,data/chocolates/individual_candidates/truffle_dulce_de_leche/IMG_1961_c014.jpg,images/accepted/truffle_dulce_de_leche/IMG_1961_c014.jpg,94.85147995898565,4
IMG_1961_c003,IMG_1961_c003.jpg,IMG_1961.jpg,truffle_dulce_de_leche,truffle,Dulce de Leche,irregular_manual,874.91,739.06,462,644,508,1106,970,0,224,224,pending,0.0,283.16,0.0016,0.0011,72.07,,provisional_accept,accept,,data/chocolates/individual_candidates/truffle_dulce_de_leche/IMG_1961_c003.jpg,images/accepted/truffle_dulce_de_leche/IMG_1961_c003.jpg,94.50814983921522,5
IMG_1972_c016,IMG_1972_c016.jpg,IMG_1972.jpg,truffle_espresso_martini,truffle,Espresso Martini,regular_grid,1799.22,2312.43,530,1534,2047,2064,2577,0,224,224,pending,0.0,951.95,0.0048,0.0975,81.81,,provisional_accept,accept,,data/chocolates/individual_candidates/truffle_espresso_martini/IMG_1972_c016.jpg,images/accepted/truffle_espresso_martini/IMG_1972_c016.jpg,108.76824974552261,1
IMG_1972_c012,IMG_1972_c012.jpg,IMG_1972.jpg,truffle_espresso_martini,truffle,Espresso Martini,regular_grid,1796.51,1709.97,530,1532,1445,2062,1975,0,224,224,pending,0.0,1656.07,0.0037,0.0798,77.95,,provisional_accept,accept,,data/chocolates/individual_candidates/truffle_espresso_martini/IMG_1972_c012.jpg,images/accepted/truffle_espresso_martini/IMG_1972_c012.jpg,107.23122504622155,2
IMG_1972_c015,IMG_1972_c015.jpg,IMG_1972.jpg,truffle_espresso_martini,truffle,Espresso Martini,regular_grid,1264.14,2302.81,530,999,2038,1529,2568,0,224,224,pending,0.0,1511.05,0.0019,0.0708,76.53,,provisional_accept,accept,,data/chocolates/individual_candidates/truffle_espresso_martini/IMG_1972_c015.jpg,images/accepted/truffle_espresso_martini/IMG_1972_c015.jpg,105.62488649990316,3
IMG_1972_c019,IMG_1972_c019.jpg,IMG_1972.jpg,truffle_espresso_martini,truffle,Espresso Martini,regular_grid,1256.93,2907.07,530,992,2642,1522,3172,0,224,224,pending,0.0,750.19,0.0004,0.2897,78.47,,provisional_accept,accept,,data/chocolates/individual_candidates/truffle_espresso_martini/IMG_1972_c019.jpg,images/accepted/truffle_espresso_martini/IMG_1972_c019.jpg,104.91663446308546,4
IMG_1972_c020,IMG_1972_c020.jpg,IMG_1972.jpg,truffle_espresso_martini,truffle,Espresso Martini,regular_grid,1801.92,2914.88,530,1537,2650,2067,3180,0,224,224,pending,0.0,745.78,0.002,0.2234,78.65,,provisional_accept,accept,,data/chocolates/individual_candidates/truffle_espresso_martini/IMG_1972_c020.jpg,images/accepted/truffle_espresso_martini/IMG_1972_c020.jpg,104.9130825215079,5
IMG_1975_c009,IMG_1975_c009.jpg,IMG_1975.jpg,truffle_grey_salt_caramel,truffle,Grey Salt Caramel,regular_grid,303.77,2424.36,452,78,2198,530,2650,0,224,224,pending,0.0,571.22,0.0086,0.0277,77.54,,provisional_accept,accept,,data/chocolates/individual_candidates/truffle_grey_salt_caramel/IMG_1975_c009.jpg,images/accepted/truffle_grey_salt_caramel/IMG_1975_c009.jpg,102.0780941312755,1
IMG_1975_c004,IMG_1975_c004.jpg,IMG_1975.jpg,truffle_grey_salt_caramel,truffle,Grey Salt Caramel,regular_grid,1680.84,1228.4,452,1455,1002,1907,1454,0,224,224,pending,0.0,1182.22,0.0138,0.0037,70.6,,provisional_accept,accept,,data/chocolates/individual_candidates/truffle_grey_salt_caramel/IMG_1975_c004.jpg,images/accepted/truffle_grey_salt_caramel/IMG_1975_c004.jpg,97.52397925826712,2
IMG_1975_c013,IMG_1975_c013.jpg,IMG_1975.jpg,truffle_grey_salt_caramel,truffle,Grey Salt Caramel,regular_grid,263.26,3040.59,452,37,2815,489,3267,0,224,224,pending,0.0,256.75,0.0087,0.003,73.72,,provisional_accept,accept,,data/chocolates/individual_candidates/truffle_grey_salt_caramel/IMG_1975_c013.jpg,images/accepted/truffle_grey_salt_caramel/IMG_1975_c013.jpg,95.05796049158828,3
IMG_1975_c003,IMG_1975_c003.jpg,IMG_1975.jpg,truffle_grey_salt_caramel,truffle,Grey Salt Caramel,regular_grid,1248.81,1216.24,452,1023,990,1475,1442,0,224,224,pending,0.0,1019.54,0.0183,0.0037,68.63,,provisional_accept,accept,,data/chocolates/individual_candidates/truffle_grey_salt_caramel/IMG_1975_c003.jpg,images/accepted/truffle_grey_salt_caramel/IMG_1975_c003.jpg,94.51234871181622,4
IMG_1975_c001,IMG_1975_c001.jpg,IMG_1975.jpg,truffle_grey_salt_caramel,truffle,Grey Salt Caramel,regular_grid,384.77,1191.91,452,159,966,611,1418,0,224,224,pending,0.0,1211.51,0.0052,0.0119,61.55,,provisional_accept,accept,,data/chocolates/individual_candidates/truffle_grey_salt_caramel/IMG_1975_c001.jpg,images/accepted/truffle_grey_salt_caramel/IMG_1975_c001.jpg,89.43179148080124,5
IMG_1995_c015,IMG_1995_c015.jpg,IMG_1995.jpg,truffle_key_lime_pie,truffle,Key Lime Pie,regular_grid,1586.13,2042.86,608,1282,1739,1890,2347,0,224,224,pending,0.0,687.82,0.0095,0.0007,52.87,,provisional_accept,accept,,data/chocolates/individual_candidates/truffle_key_lime_pie/IMG_1995_c015.jpg,images/accepted/truffle_key_lime_pie/IMG_1995_c015.jpg,78.05991995478651,1
IMG_1995_c023,IMG_1995_c023.jpg,IMG_1995.jpg,truffle_key_lime_pie,truffle,Key Lime Pie,regular_grid,1617.54,3268.79,608,1314,2965,1922,3573,0,224,224,pending,0.0,195.78,0.0008,0.0081,56.86,,provisional_accept,accept,,data/chocolates/individual_candidates/truffle_key_lime_pie/IMG_1995_c023.jpg,images/accepted/truffle_key_lime_pie/IMG_1995_c023.jpg,77.90834541375048,2
IMG_1995_c022,IMG_1995_c022.jpg,IMG_1995.jpg,truffle_key_lime_pie,truffle,Key Lime Pie,regular_grid,996.44,3244.99,608,692,2941,1300,3549,0,224,224,pending,0.0,290.7,0.0014,0.0009,54.59,,provisional_accept,accept,,data/chocolates/individual_candidates/truffle_key_lime_pie/IMG_1995_c022.jpg,images/accepted/truffle_key_lime_pie/IMG_1995_c022.jpg,77.15290350749471,3
IMG_1995_c018,IMG_1995_c018.jpg,IMG_1995.jpg,truffle_key_lime_pie,truffle,Key Lime Pie,regular_grid,983.09,2638.04,608,679,2334,1287,2942,0,224,224,pending,0.0,317.08,0.0032,0.0001,53.51,,provisional_accept,accept,,data/chocolates/individual_candidates/truffle_key_lime_pie/IMG_1995_c018.jpg,images/accepted/truffle_key_lime_pie/IMG_1995_c018.jpg,76.23921169387285,4
IMG_1995_c011,IMG_1995_c011.jpg,IMG_1995.jpg,truffle_key_lime_pie,truffle,Key Lime Pie,regular_grid,1570.43,1429.9,608,1266,1126,1874,1734,0,224,224,pending,0.0,685.84,0.0165,0.0003,49.19,,provisional_accept,accept,,data/chocolates/individual_candidates/truffle_key_lime_pie/IMG_1995_c011.jpg,images/accepted/truffle_key_lime_pie/IMG_1995_c011.jpg,73.6684054737824,5
IMG_1991_c006,IMG_1991_c006.jpg,IMG_1991.jpg,truffle_lemon,truffle,Lemon,regular_grid,938.5,1755.36,522,678,1494,1200,2016,0,224,224,pending,0.0,331.56,0.0522,0.0,45.93,,provisional_accept,accept,,data/chocolates/individual_candidates/truffle_lemon/IMG_1991_c006.jpg,images/accepted/truffle_lemon/IMG_1991_c006.jpg,63.93728117977753,1
IMG_1991_c005,IMG_1991_c005.jpg,IMG_1991.jpg,truffle_lemon,truffle,Lemon,regular_grid,418.64,1764.3,522,158,1503,680,2025,0,224,224,pending,0.0,216.81,0.0072,0.0,34.64,,provisional_accept,accept,,data/chocolates/individual_candidates/truffle_lemon/IMG_1991_c005.jpg,images/accepted/truffle_lemon/IMG_1991_c005.jpg,55.45449249250855,2
IMG_1991_c011,IMG_1991_c011.jpg,IMG_1991.jpg,truffle_lemon,truffle,Lemon,regular_grid,1460.97,2347.19,522,1200,2086,1722,2608,0,224,224,pending,0.0,250.3,0.0048,0.0,33.06,,provisional_accept,accept,,data/chocolates/individual_candidates/truffle_lemon/IMG_1991_c011.jpg,images/accepted/truffle_lemon/IMG_1991_c011.jpg,54.68658977819819,3
IMG_1991_c008,IMG_1991_c008.jpg,IMG_1991.jpg,truffle_lemon,truffle,Lemon,regular_grid,1978.22,1737.48,522,1717,1476,2239,1998,0,224,224,pending,0.0,161.1,0.004,0.0,33.45,,provisional_accept,accept,,data/chocolates/individual_candidates/truffle_lemon/IMG_1991_c008.jpg,images/accepted/truffle_lemon/IMG_1991_c008.jpg,53.402853714966525,4
IMG_1991_c001,IMG_1991_c001.jpg,IMG_1991.jpg,truffle_lemon,truffle,Lemon,regular_grid,419.76,1157.58,522,159,897,681,1419,0,224,224,pending,0.0,92.94,0.001,0.0,33.73,,provisional_accept,accept,,data/chocolates/individual_candidates/truffle_lemon/IMG_1991_c001.jpg,images/accepted/truffle_lemon/IMG_1991_c001.jpg,51.800625122395395,5
IMG_1965_c005,IMG_1965_c005.jpg,IMG_1965.jpg,truffle_manhattan,truffle,Manhattan,irregular_manual,1343.8,734.02,475,1106,497,1581,972,0,224,224,pending,0.0,921.02,0.0012,0.0476,75.39,,provisional_accept,accept,,data/chocolates/individual_candidates/truffle_manhattan/IMG_1965_c005.jpg,images/accepted/truffle_manhattan/IMG_1965_c005.jpg,102.57626766118118,1
IMG_1965_c017,IMG_1965_c017.jpg,IMG_1965.jpg,truffle_manhattan,truffle,Manhattan,irregular_manual,1389.98,2192.82,475,1152,1955,1627,2430,0,224,224,pending,0.0,950.71,0.0083,0.1201,71.81,,provisional_accept,accept,,data/chocolates/individual_candidates/truffle_manhattan/IMG_1965_c017.jpg,images/accepted/truffle_manhattan/IMG_1965_c017.jpg,98.41304146614387,2
IMG_1965_c006,IMG_1965_c006.jpg,IMG_1965.jpg,truffle_manhattan,truffle,Manhattan,irregular_manual,1888.72,701.7,475,1651,464,2126,939,0,224,224,pending,0.0,644.35,0.0014,0.0,71.73,,provisional_accept,accept,,data/chocolates/individual_candidates/truffle_manhattan/IMG_1965_c006.jpg,images/accepted/truffle_manhattan/IMG_1965_c006.jpg,97.4691712211248,3
IMG_1965_c026,IMG_1965_c026.jpg,IMG_1965.jpg,truffle_manhattan,truffle,Manhattan,irregular_manual,2004.16,3171.52,475,1767,2934,2242,3409,0,224,224,pending,0.0,437.12,0.0013,0.1266,72.61,,provisional_accept,accept,,data/chocolates/individual_candidates/truffle_manhattan/IMG_1965_c026.jpg,images/accepted/truffle_manhattan/IMG_1965_c026.jpg,96.80997138182218,4
IMG_1965_c022,IMG_1965_c022.jpg,IMG_1965.jpg,truffle_manhattan,truffle,Manhattan,irregular_manual,1934.89,2659.09,475,1697,2422,2172,2897,0,224,224,pending,0.0,471.11,0.0015,0.0605,71.67,,provisional_accept,accept,,data/chocolates/individual_candidates/truffle_manhattan/IMG_1965_c022.jpg,images/accepted/truffle_manhattan/IMG_1965_c022.jpg,96.14884803712353,5
IMG_1986_c001,IMG_1986_c001.jpg,IMG_1986.jpg,truffle_maple_cream,truffle,Maple Cream,regular_grid,296.41,231.52,425,84,19,509,444,0,224,224,pending,0.0,216.63,0.0223,0.0086,73.43,,provisional_accept,accept,,data/chocolates/individual_candidates/truffle_maple_cream/IMG_1986_c001.jpg,images/accepted/truffle_maple_cream/IMG_1986_c001.jpg,92.73118549250391,1
IMG_1986_c008,IMG_1986_c008.jpg,IMG_1986.jpg,truffle_maple_cream,truffle,Maple Cream,regular_grid,708.3,720.19,425,496,508,921,933,0,224,224,pending,0.0,333.1,0.0396,0.0499,72.91,,provisional_accept,accept,,data/chocolates/individual_candidates/truffle_maple_cream/IMG_1986_c008.jpg,images/accepted/truffle_maple_cream/IMG_1986_c008.jpg,92.19576139745085,2
IMG_1986_c010,IMG_1986_c010.jpg,IMG_1986.jpg,truffle_maple_cream,truffle,Maple Cream,regular_grid,1556.78,780.7,425,1344,568,1769,993,0,224,224,pending,0.0,562.55,0.0088,0.0259,65.71,,provisional_accept,accept,,data/chocolates/individual_candidates/truffle_maple_cream/IMG_1986_c010.jpg,images/accepted/truffle_maple_cream/IMG_1986_c010.jpg,90.16702424275235,3
IMG_1986_c009,IMG_1986_c009.jpg,IMG_1986.jpg,truffle_maple_cream,truffle,Maple Cream,regular_grid,1132.54,750.45,425,920,538,1345,963,0,224,224,pending,0.0,366.84,0.0155,0.0009,67.26,,provisional_accept,accept,,data/chocolates/individual_candidates/truffle_maple_cream/IMG_1986_c009.jpg,images/accepted/truffle_maple_cream/IMG_1986_c009.jpg,89.3405922440595,4
IMG_1986_c016,IMG_1986_c016.jpg,IMG_1986.jpg,truffle_maple_cream,truffle,Maple Cream,regular_grid,1541.65,1268.75,425,1329,1056,1754,1481,0,224,224,pending,0.0,255.26,0.0016,0.0971,63.56,,provisional_accept,accept,,data/chocolates/individual_candidates/truffle_maple_cream/IMG_1986_c016.jpg,images/accepted/truffle_maple_cream/IMG_1986_c016.jpg,85.58477021632572,5
IMG_1966_c003,IMG_1966_c003.jpg,IMG_1966.jpg,truffle_peanut_butter_caramel,truffle,Peanut Butter Caramel,regular_grid,1393.12,622.62,488,1149,379,1637,867,0,224,224,pending,0.0,479.34,0.0012,0.0281,79.36,,provisional_accept,accept,,data/chocolates/individual_candidates/truffle_peanut_butter_caramel/IMG_1966_c003.jpg,images/accepted/truffle_peanut_butter_caramel/IMG_1966_c003.jpg,103.93797674594246,1
IMG_1966_c002,IMG_1966_c002.jpg,IMG_1966.jpg,truffle_peanut_butter_caramel,truffle,Peanut Butter Caramel,regular_grid,903.48,654.44,488,659,410,1147,898,0,224,224,pending,0.0,567.48,0.0011,0.0675,78.38,,provisional_accept,accept,,data/chocolates/individual_candidates/truffle_peanut_butter_caramel/IMG_1966_c002.jpg,images/accepted/truffle_peanut_butter_caramel/IMG_1966_c002.jpg,103.64186452909087,2
IMG_1966_c004,IMG_1966_c004.jpg,IMG_1966.jpg,truffle_peanut_butter_caramel,truffle,Peanut Butter Caramel,regular_grid,1882.76,590.81,488,1639,347,2127,835,0,224,224,pending,0.0,543.55,0.0014,0.0289,76.05,,provisional_accept,accept,,data/chocolates/individual_candidates/truffle_peanut_butter_caramel/IMG_1966_c004.jpg,images/accepted/truffle_peanut_butter_caramel/IMG_1966_c004.jpg,101.10983906208678,3
IMG_1966_c016,IMG_1966_c016.jpg,IMG_1966.jpg,truffle_peanut_butter_caramel,truffle,Peanut Butter Caramel,regular_grid,1900.95,2070.11,488,1657,1826,2145,2314,0,224,224,pending,0.0,825.13,0.0013,0.1009,69.63,,provisional_accept,accept,,data/chocolates/individual_candidates/truffle_peanut_butter_caramel/IMG_1966_c016.jpg,images/accepted/truffle_peanut_butter_caramel/IMG_1966_c016.jpg,96.36700858450061,4
IMG_1966_c012,IMG_1966_c012.jpg,IMG_1966.jpg,truffle_peanut_butter_caramel,truffle,Peanut Butter Caramel,regular_grid,1894.88,1577.01,488,1651,1333,2139,1821,0,224,224,pending,0.0,742.59,0.0039,0.1091,68.2,,provisional_accept,accept,,data/chocolates/individual_candidates/truffle_peanut_butter_caramel/IMG_1966_c012.jpg,images/accepted/truffle_peanut_butter_caramel/IMG_1966_c012.jpg,94.25595923066597,5
IMG_1997_c016,IMG_1997_c016.jpg,IMG_1997.jpg,truffle_pineapple_moscato,truffle,Pineapple & Moscato,regular_grid,487.49,3174.09,601,187,2874,788,3475,0,224,224,pending,0.0,223.51,0.0022,0.01,49.63,,provisional_accept,accept,,data/chocolates/individual_candidates/truffle_pineapple_moscato/IMG_1997_c016.jpg,images/accepted/truffle_pineapple_moscato/IMG_1997_c016.jpg,71.0656809984805,1
IMG_1997_c013,IMG_1997_c013.jpg,IMG_1997.jpg,truffle_pineapple_moscato,truffle,Pineapple & Moscato,regular_grid,415.39,2576.89,601,115,2276,716,2877,0,224,224,pending,0.0,163.39,0.0003,0.0041,47.87,,provisional_accept,accept,,data/chocolates/individual_candidates/truffle_pineapple_moscato/IMG_1997_c013.jpg,images/accepted/truffle_pineapple_moscato/IMG_1997_c013.jpg,68.24896661408567,2
IMG_1997_c005,IMG_1997_c005.jpg,IMG_1997.jpg,truffle_pineapple_moscato,truffle,Pineapple & Moscato,regular_grid,887.99,751.98,601,587,451,1188,1052,0,224,224,pending,0.0,391.38,0.0005,0.0038,40.93,,provisional_accept,accept,,data/chocolates/individual_candidates/truffle_pineapple_moscato/IMG_1997_c005.jpg,images/accepted/truffle_pineapple_moscato/IMG_1997_c005.jpg,64.76892303197073,3
IMG_1997_c008,IMG_1997_c008.jpg,IMG_1997.jpg,truffle_pineapple_moscato,truffle,Pineapple & Moscato,regular_grid,929.53,1351.14,601,629,1051,1230,1652,0,224,224,pending,0.0,297.91,0.0002,0.0023,38.37,,provisional_accept,accept,,data/chocolates/individual_candidates/truffle_pineapple_moscato/IMG_1997_c008.jpg,images/accepted/truffle_pineapple_moscato/IMG_1997_c008.jpg,61.15057009894242,4
IMG_1997_c018,IMG_1997_c018.jpg,IMG_1997.jpg,truffle_pineapple_moscato,truffle,Pineapple & Moscato,regular_grid,1620.8,3123.15,601,1320,2823,1921,3424,0,224,224,pending,0.0,255.8,0.0002,0.0028,36.33,,provisional_accept,accept,,data/chocolates/individual_candidates/truffle_pineapple_moscato/IMG_1997_c018.jpg,images/accepted/truffle_pineapple_moscato/IMG_1997_c018.jpg,58.503190287263216,5
IMG_1987_c004,IMG_1987_c004.jpg,IMG_1987.jpg,truffle_pistachio,truffle,Pistachio,regular_grid,1545.66,371.98,413,1339,165,1752,578,0,224,224,pending,0.0,645.25,0.0012,0.0889,74.89,,provisional_accept,accept,,data/chocolates/individual_candidates/truffle_pistachio/IMG_1987_c004.jpg,images/accepted/truffle_pistachio/IMG_1987_c004.jpg,100.65474570329056,1
IMG_1987_c003,IMG_1987_c003.jpg,IMG_1987.jpg,truffle_pistachio,truffle,Pistachio,regular_grid,1132.74,381.28,413,926,175,1339,588,0,224,224,pending,0.0,549.41,0.0024,0.056,75.43,,provisional_accept,accept,,data/chocolates/individual_candidates/truffle_pistachio/IMG_1987_c003.jpg,images/accepted/truffle_pistachio/IMG_1987_c003.jpg,100.43265382023496,2
IMG_1987_c008,IMG_1987_c008.jpg,IMG_1987.jpg,truffle_pistachio,truffle,Pistachio,regular_grid,704.01,865.17,413,498,659,911,1072,0,224,224,pending,0.0,537.76,0.0094,0.0715,74.57,,provisional_accept,accept,,data/chocolates/individual_candidates/truffle_pistachio/IMG_1987_c008.jpg,images/accepted/truffle_pistachio/IMG_1987_c008.jpg,98.78708081092245,3
IMG_1987_c014,IMG_1987_c014.jpg,IMG_1987.jpg,truffle_pistachio,truffle,Pistachio,regular_grid,688.2,1339.75,413,482,1133,895,1546,0,224,224,pending,0.0,578.93,0.0023,0.0635,73.43,,provisional_accept,accept,,data/chocolates/individual_candidates/truffle_pistachio/IMG_1987_c014.jpg,images/accepted/truffle_pistachio/IMG_1987_c014.jpg,98.65162962640684,4
IMG_1987_c012,IMG_1987_c012.jpg,IMG_1987.jpg,truffle_pistachio,truffle,Pistachio,regular_grid,2354.45,835.41,413,2148,629,2561,1042,0,224,224,pending,0.0,531.8,0.0009,0.0089,73.47,,provisional_accept,accept,,data/chocolates/individual_candidates/truffle_pistachio/IMG_1987_c012.jpg,images/accepted/truffle_pistachio/IMG_1987_c012.jpg,98.49258447690471,5
IMG_1963_c005,IMG_1963_c005.jpg,IMG_1963.jpg,truffle_pumpkin_spice_latte,truffle,Pumpkin Spice Latte,irregular_manual,1387.72,754.43,500,1138,504,1638,1004,0,224,224,pending,0.0,623.25,0.0042,0.0039,76.29,,provisional_accept,accept,,data/chocolates/individual_candidates/truffle_pumpkin_spice_latte/IMG_1963_c005.jpg,images/accepted/truffle_pumpkin_spice_latte/IMG_1963_c005.jpg,101.61620371663953,1
IMG_1963_c011,IMG_1963_c011.jpg,IMG_1963.jpg,truffle_pumpkin_spice_latte,truffle,Pumpkin Spice Latte,irregular_manual,890.77,1804.06,500,641,1554,1141,2054,0,224,224,pending,0.0,1085.49,0.0213,0.0443,74.79,,provisional_accept,accept,,data/chocolates/individual_candidates/truffle_pumpkin_spice_latte/IMG_1963_c011.jpg,images/accepted/truffle_pumpkin_spice_latte/IMG_1963_c011.jpg,100.62283038315402,2
IMG_1963_c018,IMG_1963_c018.jpg,IMG_1963.jpg,truffle_pumpkin_spice_latte,truffle,Pumpkin Spice Latte,irregular_manual,318.8,2736.56,500,69,2487,569,2987,0,224,224,pending,0.0,336.45,0.0008,0.0376,76.06,,provisional_accept,accept,,data/chocolates/individual_candidates/truffle_pumpkin_spice_latte/IMG_1963_c018.jpg,images/accepted/truffle_pumpkin_spice_latte/IMG_1963_c018.jpg,99.26566940475767,3
IMG_1963_c010,IMG_1963_c010.jpg,IMG_1963.jpg,truffle_pumpkin_spice_latte,truffle,Pumpkin Spice Latte,irregular_manual,370.37,1747.83,500,120,1498,620,1998,0,224,224,pending,0.0,628.33,0.0039,0.0097,73.37,,provisional_accept,accept,,data/chocolates/individual_candidates/truffle_pumpkin_spice_latte/IMG_1963_c010.jpg,images/accepted/truffle_pumpkin_spice_latte/IMG_1963_c010.jpg,98.75862304565256,4
IMG_1963_c012,IMG_1963_c012.jpg,IMG_1963.jpg,truffle_pumpkin_spice_latte,truffle,Pumpkin Spice Latte,irregular_manual,1420.54,1771.26,500,1171,1521,1671,2021,0,224,224,pending,0.0,1130.65,0.0145,0.0113,71.57,,provisional_accept,accept,,data/chocolates/individual_candidates/truffle_pumpkin_spice_latte/IMG_1963_c012.jpg,images/accepted/truffle_pumpkin_spice_latte/IMG_1963_c012.jpg,98.24572809470293,5
IMG_1969_c002,IMG_1969_c002.jpg,IMG_1969.jpg,truffle_raspberry,truffle,Raspberry,regular_grid,844.12,1065.84,453,618,839,1071,1292,0,224,224,pending,0.0,304.52,0.001,0.0207,75.97,,provisional_accept,accept,,data/chocolates/individual_candidates/truffle_raspberry/IMG_1969_c002.jpg,images/accepted/truffle_raspberry/IMG_1969_c002.jpg,98.75806097166904,1
IMG_1969_c003,IMG_1969_c003.jpg,IMG_1969.jpg,truffle_raspberry,truffle,Raspberry,regular_grid,1317.87,1094.53,453,1091,868,1544,1321,0,224,224,pending,0.0,305.53,0.0008,0.0003,72.14,,provisional_accept,accept,,data/chocolates/individual_candidates/truffle_raspberry/IMG_1969_c003.jpg,images/accepted/truffle_raspberry/IMG_1969_c003.jpg,94.96126251947449,2
IMG_1969_c012,IMG_1969_c012.jpg,IMG_1969.jpg,truffle_raspberry,truffle,Raspberry,regular_grid,1793.33,2025.24,453,1567,1799,2020,2252,0,224,224,pending,0.0,461.24,0.0022,0.0021,70.27,,provisional_accept,accept,,data/chocolates/individual_candidates/truffle_raspberry/IMG_1969_c012.jpg,images/accepted/truffle_raspberry/IMG_1969_c012.jpg,94.59433694687169,3
IMG_1969_c022,IMG_1969_c022.jpg,IMG_1969.jpg,truffle_raspberry,truffle,Raspberry,regular_grid,791.01,3335.24,453,565,3109,1018,3562,0,224,224,pending,0.0,236.63,0.0014,0.0776,72.2,,provisional_accept,accept,,data/chocolates/individual_candidates/truffle_raspberry/IMG_1969_c022.jpg,images/accepted/truffle_raspberry/IMG_1969_c022.jpg,93.9428593685772,4
IMG_1969_c016,IMG_1969_c016.jpg,IMG_1969.jpg,truffle_raspberry,truffle,Raspberry,regular_grid,1794.19,2476.25,453,1568,2250,2021,2703,0,224,224,pending,0.0,465.43,0.0018,0.02,69.03,,provisional_accept,accept,,data/chocolates/individual_candidates/truffle_raspberry/IMG_1969_c016.jpg,images/accepted/truffle_raspberry/IMG_1969_c016.jpg,93.43043182175066,5
IMG_1971_c005,IMG_1971_c005.jpg,IMG_1971.jpg,truffle_s_mores,truffle,S'mores,regular_grid,425.69,1218.74,473,189,982,662,1455,0,224,224,pending,0.0,905.9,0.004,0.0028,69.64,,provisional_accept,accept,,data/chocolates/individual_candidates/truffle_s_mores/IMG_1971_c005.jpg,images/accepted/truffle_s_mores/IMG_1971_c005.jpg,96.48012876181409,1
IMG_1971_c019,IMG_1971_c019.jpg,IMG_1971.jpg,truffle_s_mores,truffle,S'mores,regular_grid,1350.84,2787.72,473,1114,2551,1587,3024,0,224,224,pending,0.0,408.64,0.0387,0.0528,73.17,,provisional_accept,accept,,data/chocolates/individual_candidates/truffle_s_mores/IMG_1971_c019.jpg,images/accepted/truffle_s_mores/IMG_1971_c019.jpg,93.36111490082894,2
IMG_1971_c011,IMG_1971_c011.jpg,IMG_1971.jpg,truffle_s_mores,truffle,S'mores,regular_grid,1355.93,1714.95,473,1119,1478,1592,1951,0,224,224,pending,0.0,857.38,0.0071,0.0012,65.58,,provisional_accept,accept,,data/chocolates/individual_candidates/truffle_s_mores/IMG_1971_c011.jpg,images/accepted/truffle_s_mores/IMG_1971_c011.jpg,91.89018756753532,3
IMG_1971_c024,IMG_1971_c024.jpg,IMG_1971.jpg,truffle_s_mores,truffle,S'mores,regular_grid,1831.65,3314.2,473,1595,3078,2068,3551,0,224,224,pending,0.0,263.89,0.0086,0.0023,69.12,,provisional_accept,accept,,data/chocolates/individual_candidates/truffle_s_mores/IMG_1971_c024.jpg,images/accepted/truffle_s_mores/IMG_1971_c024.jpg,90.5772585818844,4
IMG_1971_c006,IMG_1971_c006.jpg,IMG_1971.jpg,truffle_s_mores,truffle,S'mores,regular_grid,892.08,1198.66,473,656,962,1129,1435,0,224,224,pending,0.0,624.0,0.0014,0.0024,64.76,,provisional_accept,accept,,data/chocolates/individual_candidates/truffle_s_mores/IMG_1971_c006.jpg,images/accepted/truffle_s_mores/IMG_1971_c006.jpg,90.37100659894561,5
IMG_1967_c004,IMG_1967_c004.jpg,IMG_1967.jpg,truffle_salted_caramel,truffle,Salted Caramel,regular_grid,1743.46,622.79,483,1502,381,1985,864,0,224,224,pending,0.0,1017.67,0.0013,0.0993,79.82,,provisional_accept,accept,,data/chocolates/individual_candidates/truffle_salted_caramel/IMG_1967_c004.jpg,images/accepted/truffle_salted_caramel/IMG_1967_c004.jpg,107.39501253545703,1
IMG_1967_c001,IMG_1967_c001.jpg,IMG_1967.jpg,truffle_salted_caramel,truffle,Salted Caramel,regular_grid,289.07,672.43,483,48,431,531,914,0,224,224,pending,0.0,890.99,0.0023,0.0515,79.91,,provisional_accept,accept,,data/chocolates/individual_candidates/truffle_salted_caramel/IMG_1967_c001.jpg,images/accepted/truffle_salted_caramel/IMG_1967_c001.jpg,106.85381968701934,2
IMG_1967_c002,IMG_1967_c002.jpg,IMG_1967.jpg,truffle_salted_caramel,truffle,Salted Caramel,regular_grid,773.87,655.88,483,532,414,1015,897,0,224,224,pending,0.0,940.71,0.0009,0.1822,75.74,,provisional_accept,accept,,data/chocolates/individual_candidates/truffle_salted_caramel/IMG_1967_c002.jpg,images/accepted/truffle_salted_caramel/IMG_1967_c002.jpg,103.04078948621105,3
IMG_1967_c005,IMG_1967_c005.jpg,IMG_1967.jpg,truffle_salted_caramel,truffle,Salted Caramel,regular_grid,294.34,1152.3,483,53,911,536,1394,0,224,224,pending,0.0,831.36,0.0048,0.0359,73.0,,provisional_accept,accept,,data/chocolates/individual_candidates/truffle_salted_caramel/IMG_1967_c005.jpg,images/accepted/truffle_salted_caramel/IMG_1967_c005.jpg,99.41706015817832,4
IMG_1967_c003,IMG_1967_c003.jpg,IMG_1967.jpg,truffle_salted_caramel,truffle,Salted Caramel,regular_grid,1258.66,639.33,483,1017,398,1500,881,0,224,224,pending,0.0,1156.75,0.0026,0.1576,71.32,,provisional_accept,accept,,data/chocolates/individual_candidates/truffle_salted_caramel/IMG_1967_c003.jpg,images/accepted/truffle_salted_caramel/IMG_1967_c003.jpg,99.27693498144343,5
IMG_1990_c010,IMG_1990_c010.jpg,IMG_1990.jpg,truffle_strawberry_shortcake,truffle,Strawberry Shortcake,regular_grid,996.39,2050.45,511,741,1795,1252,2306,0,224,224,pending,0.0,455.78,0.0006,0.0007,53.42,,provisional_accept,accept,,data/chocolates/individual_candidates/truffle_strawberry_shortcake/IMG_1990_c010.jpg,images/accepted/truffle_strawberry_shortcake/IMG_1990_c010.jpg,77.85680749818471,1
IMG_1990_c011,IMG_1990_c011.jpg,IMG_1990.jpg,truffle_strawberry_shortcake,truffle,Strawberry Shortcake,regular_grid,1541.54,2040.62,511,1286,1785,1797,2296,0,224,224,pending,0.0,604.16,0.0039,0.0,51.4,,provisional_accept,accept,,data/chocolates/individual_candidates/truffle_strawberry_shortcake/IMG_1990_c011.jpg,images/accepted/truffle_strawberry_shortcake/IMG_1990_c011.jpg,76.63197154350654,2
IMG_1990_c014,IMG_1990_c014.jpg,IMG_1990.jpg,truffle_strawberry_shortcake,truffle,Strawberry Shortcake,regular_grid,1003.45,2559.68,511,748,2304,1259,2815,0,224,224,pending,0.0,450.7,0.0019,0.0002,51.54,,provisional_accept,accept,,data/chocolates/individual_candidates/truffle_strawberry_shortcake/IMG_1990_c014.jpg,images/accepted/truffle_strawberry_shortcake/IMG_1990_c014.jpg,75.80207297064223,3
IMG_1990_c015,IMG_1990_c015.jpg,IMG_1990.jpg,truffle_strawberry_shortcake,truffle,Strawberry Shortcake,regular_grid,1551.06,2554.15,511,1296,2299,1807,2810,0,224,224,pending,0.0,353.59,0.001,0.0001,51.69,,provisional_accept,accept,,data/chocolates/individual_candidates/truffle_strawberry_shortcake/IMG_1990_c015.jpg,images/accepted/truffle_strawberry_shortcake/IMG_1990_c015.jpg,75.07384876981135,4
IMG_1990_c018,IMG_1990_c018.jpg,IMG_1990.jpg,truffle_strawberry_shortcake,truffle,Strawberry Shortcake,regular_grid,1010.51,3068.92,511,755,2813,1266,3324,0,224,224,pending,0.0,343.25,0.0019,0.0014,50.84,,provisional_accept,accept,,data/chocolates/individual_candidates/truffle_strawberry_shortcake/IMG_1990_c018.jpg,images/accepted/truffle_strawberry_shortcake/IMG_1990_c018.jpg,74.01547255043506,5
IMG_1959_c003,IMG_1959_c003.jpg,IMG_1959.jpg,truffle_tea_honey,truffle,Tea & Honey,regular_grid,1386.8,239.81,478,1148,1,1626,479,0,224,224,pending,0.0,642.89,0.0006,0.0043,71.92,,provisional_accept,accept,,data/chocolates/individual_candidates/truffle_tea_honey/IMG_1959_c003.jpg,images/accepted/truffle_tea_honey/IMG_1959_c003.jpg,97.73011161624673,1
IMG_1959_c004,IMG_1959_c004.jpg,IMG_1959.jpg,truffle_tea_honey,truffle,Tea & Honey,regular_grid,1887.01,238.31,478,1648,-1,2126,477,1,224,224,pending,0.0021,519.04,0.0012,0.0004,71.04,,provisional_accept,accept,,data/chocolates/individual_candidates/truffle_tea_honey/IMG_1959_c004.jpg,images/accepted/truffle_tea_honey/IMG_1959_c004.jpg,95.51562292677588,2
IMG_1959_c020,IMG_1959_c020.jpg,IMG_1959.jpg,truffle_tea_honey,truffle,Tea & Honey,regular_grid,1907.55,2160.23,478,1669,1921,2147,2399,0,224,224,pending,0.0,715.57,0.0037,0.0261,67.87,,provisional_accept,accept,,data/chocolates/individual_candidates/truffle_tea_honey/IMG_1959_c020.jpg,images/accepted/truffle_tea_honey/IMG_1959_c020.jpg,93.79790375854017,3
IMG_1959_c002,IMG_1959_c002.jpg,IMG_1959.jpg,truffle_tea_honey,truffle,Tea & Honey,regular_grid,886.59,241.31,478,648,2,1126,480,0,224,224,pending,0.0,455.58,0.001,0.0092,69.19,,provisional_accept,accept,,data/chocolates/individual_candidates/truffle_tea_honey/IMG_1959_c002.jpg,images/accepted/truffle_tea_honey/IMG_1959_c002.jpg,93.58505572448587,4
IMG_1959_c016,IMG_1959_c016.jpg,IMG_1959.jpg,truffle_tea_honey,truffle,Tea & Honey,regular_grid,1902.41,1679.75,478,1663,1441,2141,1919,0,224,224,pending,0.0,862.47,0.0028,0.0292,66.81,,provisional_accept,accept,,data/chocolates/individual_candidates/truffle_tea_honey/IMG_1959_c016.jpg,images/accepted/truffle_tea_honey/IMG_1959_c016.jpg,93.57383661862187,5
IMG_1968_c007,IMG_1968_c007.jpg,IMG_1968.jpg,truffle_turtle,truffle,Turtle,regular_grid,1350.56,1293.9,506,1098,1041,1604,1547,0,224,224,pending,0.0,971.05,0.0021,0.0363,63.76,,provisional_accept,accept,,data/chocolates/individual_candidates/truffle_turtle/IMG_1968_c007.jpg,images/accepted/truffle_turtle/IMG_1968_c007.jpg,91.0676289738666,1
IMG_1968_c021,IMG_1968_c021.jpg,IMG_1968.jpg,truffle_turtle,truffle,Turtle,regular_grid,343.05,3649.83,506,90,3397,596,3903,0,224,224,pending,0.0,316.2,0.0012,0.0202,66.68,,provisional_accept,accept,,data/chocolates/individual_candidates/truffle_turtle/IMG_1968_c021.jpg,images/accepted/truffle_turtle/IMG_1968_c021.jpg,89.59812995904278,2
IMG_1968_c004,IMG_1968_c004.jpg,IMG_1968.jpg,truffle_turtle,truffle,Turtle,regular_grid,1840.41,695.65,506,1587,443,2093,949,0,224,224,pending,0.0,556.9,0.0007,0.0137,64.0,,provisional_accept,accept,,data/chocolates/individual_candidates/truffle_turtle/IMG_1968_c004.jpg,images/accepted/truffle_turtle/IMG_1968_c004.jpg,89.22671893940594,3
IMG_1968_c017,IMG_1968_c017.jpg,IMG_1968.jpg,truffle_turtle,truffle,Turtle,regular_grid,344.9,3059.92,506,92,2807,598,3313,0,224,224,pending,0.0,411.77,0.0007,0.0213,65.17,,provisional_accept,accept,,data/chocolates/individual_candidates/truffle_turtle/IMG_1968_c017.jpg,images/accepted/truffle_turtle/IMG_1968_c017.jpg,89.19156214843134,4
IMG_1968_c005,IMG_1968_c005.jpg,IMG_1968.jpg,truffle_turtle,truffle,Turtle,regular_grid,350.47,1290.19,506,97,1037,603,1543,0,224,224,pending,0.0,688.74,0.0117,0.0043,64.13,,provisional_accept,accept,,data/chocolates/individual_candidates/truffle_turtle/IMG_1968_c005.jpg,images/accepted/truffle_turtle/IMG_1968_c005.jpg,89.10525885994309,5
