sample_id,flavor_id,flavor_name,donor_rank,source_file,source_image_path,foreground_path,foreground_fraction,border_fraction,soft_fraction,automatic_flag,review_decision,review_notes
IMG_1978_c008,cocoashot_amaretto,Amaretto,1,IMG_1978.jpg,/homes/mxqasim/Chocolathon/data/chocolates/frozen/chocolate_dataset_v1/images/accepted/cocoashot_amaretto/IMG_1978_c008.jpg,/homes/mxqasim/Chocolathon/data/synthetic_slots/v1/donor_foregrounds/cocoashot_amaretto/IMG_1978_c008.png,0.589365,0.084821,0.577627,,accept,
IMG_1978_c007,cocoashot_amaretto,Amaretto,2,IMG_1978.jpg,/homes/mxqasim/Chocolathon/data/chocolates/frozen/chocolate_dataset_v1/images/accepted/cocoashot_amaretto/IMG_1978_c007.jpg,/homes/mxqasim/Chocolathon/data/synthetic_slots/v1/donor_foregrounds/cocoashot_amaretto/IMG_1978_c007.png,0.566067,0.0,0.532685,,accept,
IMG_1978_c011,cocoashot_amaretto,Amaretto,3,IMG_1978.jpg,/homes/mxqasim/Chocolathon/data/chocolates/frozen/chocolate_dataset_v1/images/accepted/cocoashot_amaretto/IMG_1978_c011.jpg,/homes/mxqasim/Chocolathon/data/synthetic_slots/v1/donor_foregrounds/cocoashot_amaretto/IMG_1978_c011.png,0.541036,0.024554,0.489258,,accept,
IMG_1978_c012,cocoashot_amaretto,Amaretto,4,IMG_1978.jpg,/homes/mxqasim/Chocolathon/data/chocolates/frozen/chocolate_dataset_v1/images/accepted/cocoashot_amaretto/IMG_1978_c012.jpg,/homes/mxqasim/Chocolathon/data/synthetic_slots/v1/donor_foregrounds/cocoashot_amaretto/IMG_1978_c012.png,0.590262,0.097098,0.603296,,accept,
IMG_1978_c006,cocoashot_amaretto,Amaretto,5,IMG_1978.jpg,/homes/mxqasim/Chocolathon/data/chocolates/frozen/chocolate_dataset_v1/images/accepted/cocoashot_amaretto/IMG_1978_c006.jpg,/homes/mxqasim/Chocolathon/data/synthetic_slots/v1/donor_foregrounds/cocoashot_amaretto/IMG_1978_c006.png,0.534977,0.0,0.509766,,accept,
IMG_1979_c016,cocoashot_bourbon,Bourbon,1,IMG_1979.jpg,/homes/mxqasim/Chocolathon/data/chocolates/frozen/chocolate_dataset_v1/images/accepted/cocoashot_bourbon/IMG_1979_c016.jpg,/homes/mxqasim/Chocolathon/data/synthetic_slots/v1/donor_foregrounds/cocoashot_bourbon/IMG_1979_c016.png,0.817064,0.416295,0.81521,too_large,accept,
IMG_1979_c013,cocoashot_bourbon,Bourbon,2,IMG_1979.jpg,/homes/mxqasim/Chocolathon/data/chocolates/frozen/chocolate_dataset_v1/images/accepted/cocoashot_bourbon/IMG_1979_c013.jpg,/homes/mxqasim/Chocolathon/data/synthetic_slots/v1/donor_foregrounds/cocoashot_bourbon/IMG_1979_c013.png,0.140765,0.02567,0.747887,too_small,reject,"Its only golden shade is captured, full chocolate body is missing"
IMG_1979_c017,cocoashot_bourbon,Bourbon,3,IMG_1979.jpg,/homes/mxqasim/Chocolathon/data/chocolates/frozen/chocolate_dataset_v1/images/accepted/cocoashot_bourbon/IMG_1979_c017.jpg,/homes/mxqasim/Chocolathon/data/synthetic_slots/v1/donor_foregrounds/cocoashot_bourbon/IMG_1979_c017.png,0.148457,0.0,0.13933,too_small,reject,"same, only golden color captured"
IMG_1984_c005,cocoashot_bourbon,Bourbon,4,IMG_1984.jpg,/homes/mxqasim/Chocolathon/data/chocolates/frozen/chocolate_dataset_v1/images/accepted/cocoashot_bourbon/IMG_1984_c005.jpg,/homes/mxqasim/Chocolathon/data/synthetic_slots/v1/donor_foregrounds/cocoashot_bourbon/IMG_1984_c005.png,0.553213,0.279018,0.548111,touches_border,accept,
IMG_1979_c009,cocoashot_bourbon,Bourbon,5,IMG_1979.jpg,/homes/mxqasim/Chocolathon/data/chocolates/frozen/chocolate_dataset_v1/images/accepted/cocoashot_bourbon/IMG_1979_c009.jpg,/homes/mxqasim/Chocolathon/data/synthetic_slots/v1/donor_foregrounds/cocoashot_bourbon/IMG_1979_c009.png,0.149055,0.0,0.333307,too_small,reject,same golden olor only captured
IMG_1982_c014,cocoashot_chocolate_cake,Chocolate Cake,1,IMG_1982.jpg,/homes/mxqasim/Chocolathon/data/chocolates/frozen/chocolate_dataset_v1/images/accepted/cocoashot_chocolate_cake/IMG_1982_c014.jpg,/homes/mxqasim/Chocolathon/data/synthetic_slots/v1/donor_foregrounds/cocoashot_chocolate_cake/IMG_1982_c014.png,0.569376,0.0,0.584702,,accept,
IMG_1982_c015,cocoashot_chocolate_cake,Chocolate Cake,2,IMG_1982.jpg,/homes/mxqasim/Chocolathon/data/chocolates/frozen/chocolate_dataset_v1/images/accepted/cocoashot_chocolate_cake/IMG_1982_c015.jpg,/homes/mxqasim/Chocolathon/data/synthetic_slots/v1/donor_foregrounds/cocoashot_chocolate_cake/IMG_1982_c015.png,0.565988,0.0,0.550163,,accept,
IMG_1982_c011,cocoashot_chocolate_cake,Chocolate Cake,3,IMG_1982.jpg,/homes/mxqasim/Chocolathon/data/chocolates/frozen/chocolate_dataset_v1/images/accepted/cocoashot_chocolate_cake/IMG_1982_c011.jpg,/homes/mxqasim/Chocolathon/data/synthetic_slots/v1/donor_foregrounds/cocoashot_chocolate_cake/IMG_1982_c011.png,0.511958,0.0,0.527204,,accept,
IMG_1982_c010,cocoashot_chocolate_cake,Chocolate Cake,4,IMG_1982.jpg,/homes/mxqasim/Chocolathon/data/chocolates/frozen/chocolate_dataset_v1/images/accepted/cocoashot_chocolate_cake/IMG_1982_c010.jpg,/homes/mxqasim/Chocolathon/data/synthetic_slots/v1/donor_foregrounds/cocoashot_chocolate_cake/IMG_1982_c010.png,0.515824,0.0,0.526168,,accept,
IMG_1982_c007,cocoashot_chocolate_cake,Chocolate Cake,5,IMG_1982.jpg,/homes/mxqasim/Chocolathon/data/chocolates/frozen/chocolate_dataset_v1/images/accepted/cocoashot_chocolate_cake/IMG_1982_c007.jpg,/homes/mxqasim/Chocolathon/data/synthetic_slots/v1/donor_foregrounds/cocoashot_chocolate_cake/IMG_1982_c007.png,0.487723,0.0,0.494141,,accept,
IMG_1977_c005,cocoashot_old_fashioned,Old Fashioned,1,IMG_1977.jpg,/homes/mxqasim/Chocolathon/data/chocolates/frozen/chocolate_dataset_v1/images/accepted/cocoashot_old_fashioned/IMG_1977_c005.jpg,/homes/mxqasim/Chocolathon/data/synthetic_slots/v1/donor_foregrounds/cocoashot_old_fashioned/IMG_1977_c005.png,0.740354,0.460938,0.842455,touches_border,accept,
IMG_1977_c007,cocoashot_old_fashioned,Old Fashioned,2,IMG_1977.jpg,/homes/mxqasim/Chocolathon/data/chocolates/frozen/chocolate_dataset_v1/images/accepted/cocoashot_old_fashioned/IMG_1977_c007.jpg,/homes/mxqasim/Chocolathon/data/synthetic_slots/v1/donor_foregrounds/cocoashot_old_fashioned/IMG_1977_c007.png,0.813975,0.428571,0.825733,too_large,accept,
IMG_1977_c001,cocoashot_old_fashioned,Old Fashioned,3,IMG_1977.jpg,/homes/mxqasim/Chocolathon/data/chocolates/frozen/chocolate_dataset_v1/images/accepted/cocoashot_old_fashioned/IMG_1977_c001.jpg,/homes/mxqasim/Chocolathon/data/synthetic_slots/v1/donor_foregrounds/cocoashot_old_fashioned/IMG_1977_c001.png,0.843272,0.46875,0.863999,too_large,accept,
IMG_1977_c003,cocoashot_old_fashioned,Old Fashioned,4,IMG_1977.jpg,/homes/mxqasim/Chocolathon/data/chocolates/frozen/chocolate_dataset_v1/images/accepted/cocoashot_old_fashioned/IMG_1977_c003.jpg,/homes/mxqasim/Chocolathon/data/synthetic_slots/v1/donor_foregrounds/cocoashot_old_fashioned/IMG_1977_c003.png,0.884805,0.63058,0.891402,too_large,accept,
IMG_1977_c022,cocoashot_old_fashioned,Old Fashioned,5,IMG_1977.jpg,/homes/mxqasim/Chocolathon/data/chocolates/frozen/chocolate_dataset_v1/images/accepted/cocoashot_old_fashioned/IMG_1977_c022.jpg,/homes/mxqasim/Chocolathon/data/synthetic_slots/v1/donor_foregrounds/cocoashot_old_fashioned/IMG_1977_c022.png,0.671038,0.256696,0.981924,touches_border,reject,upper sprinkled golden particles captured body of choccolate is missing
IMG_1980_c008,cocoashot_tequila,Tequila,1,IMG_1980.jpg,/homes/mxqasim/Chocolathon/data/chocolates/frozen/chocolate_dataset_v1/images/accepted/cocoashot_tequila/IMG_1980_c008.jpg,/homes/mxqasim/Chocolathon/data/synthetic_slots/v1/donor_foregrounds/cocoashot_tequila/IMG_1980_c008.png,0.835459,0.409598,0.859196,too_large,accept,
IMG_1981_c011,cocoashot_tequila,Tequila,2,IMG_1981.jpg,/homes/mxqasim/Chocolathon/data/chocolates/frozen/chocolate_dataset_v1/images/accepted/cocoashot_tequila/IMG_1981_c011.jpg,/homes/mxqasim/Chocolathon/data/synthetic_slots/v1/donor_foregrounds/cocoashot_tequila/IMG_1981_c011.png,0.78687,0.402902,0.870795,too_large,accept,
IMG_1980_c015,cocoashot_tequila,Tequila,3,IMG_1980.jpg,/homes/mxqasim/Chocolathon/data/chocolates/frozen/chocolate_dataset_v1/images/accepted/cocoashot_tequila/IMG_1980_c015.jpg,/homes/mxqasim/Chocolathon/data/synthetic_slots/v1/donor_foregrounds/cocoashot_tequila/IMG_1980_c015.png,0.767239,0.362723,0.765765,too_large,accept,
IMG_1981_c015,cocoashot_tequila,Tequila,4,IMG_1981.jpg,/homes/mxqasim/Chocolathon/data/chocolates/frozen/chocolate_dataset_v1/images/accepted/cocoashot_tequila/IMG_1981_c015.jpg,/homes/mxqasim/Chocolathon/data/synthetic_slots/v1/donor_foregrounds/cocoashot_tequila/IMG_1981_c015.png,0.789421,0.321429,0.853217,too_large,accept,
IMG_1981_c002,cocoashot_tequila,Tequila,5,IMG_1981.jpg,/homes/mxqasim/Chocolathon/data/chocolates/frozen/chocolate_dataset_v1/images/accepted/cocoashot_tequila/IMG_1981_c002.jpg,/homes/mxqasim/Chocolathon/data/synthetic_slots/v1/donor_foregrounds/cocoashot_tequila/IMG_1981_c002.png,0.018834,0.013393,0.890206,too_small,reject,full chocolate is missing
IMG_1983_c009,cocoashot_whiskey,Whiskey,1,IMG_1983.jpg,/homes/mxqasim/Chocolathon/data/chocolates/frozen/chocolate_dataset_v1/images/accepted/cocoashot_whiskey/IMG_1983_c009.jpg,/homes/mxqasim/Chocolathon/data/synthetic_slots/v1/donor_foregrounds/cocoashot_whiskey/IMG_1983_c009.png,0.515824,0.133929,0.509108,,accept,
IMG_1983_c013,cocoashot_whiskey,Whiskey,2,IMG_1983.jpg,/homes/mxqasim/Chocolathon/data/chocolates/frozen/chocolate_dataset_v1/images/accepted/cocoashot_whiskey/IMG_1983_c013.jpg,/homes/mxqasim/Chocolathon/data/synthetic_slots/v1/donor_foregrounds/cocoashot_whiskey/IMG_1983_c013.png,0.513672,0.171875,0.407824,touches_border,accept,
IMG_1983_c010,cocoashot_whiskey,Whiskey,3,IMG_1983.jpg,/homes/mxqasim/Chocolathon/data/chocolates/frozen/chocolate_dataset_v1/images/accepted/cocoashot_whiskey/IMG_1983_c010.jpg,/homes/mxqasim/Chocolathon/data/synthetic_slots/v1/donor_foregrounds/cocoashot_whiskey/IMG_1983_c010.png,0.550662,0.007812,0.562022,,accept,
IMG_1983_c011,cocoashot_whiskey,Whiskey,4,IMG_1983.jpg,/homes/mxqasim/Chocolathon/data/chocolates/frozen/chocolate_dataset_v1/images/accepted/cocoashot_whiskey/IMG_1983_c011.jpg,/homes/mxqasim/Chocolathon/data/synthetic_slots/v1/donor_foregrounds/cocoashot_whiskey/IMG_1983_c011.png,0.569595,0.0,0.481665,,accept,
IMG_1983_c015,cocoashot_whiskey,Whiskey,5,IMG_1983.jpg,/homes/mxqasim/Chocolathon/data/chocolates/frozen/chocolate_dataset_v1/images/accepted/cocoashot_whiskey/IMG_1983_c015.jpg,/homes/mxqasim/Chocolathon/data/synthetic_slots/v1/donor_foregrounds/cocoashot_whiskey/IMG_1983_c015.png,0.555006,0.0,0.528241,,accept,
IMG_1970_c028,truffle_amaretto,Amaretto,1,IMG_1970.jpg,/homes/mxqasim/Chocolathon/data/chocolates/frozen/chocolate_dataset_v1/images/accepted/truffle_amaretto/IMG_1970_c028.jpg,/homes/mxqasim/Chocolathon/data/synthetic_slots/v1/donor_foregrounds/truffle_amaretto/IMG_1970_c028.png,0.734893,0.267857,0.709921,touches_border,accept,
IMG_1970_c001,truffle_amaretto,Amaretto,2,IMG_1970.jpg,/homes/mxqasim/Chocolathon/data/chocolates/frozen/chocolate_dataset_v1/images/accepted/truffle_amaretto/IMG_1970_c001.jpg,/homes/mxqasim/Chocolathon/data/synthetic_slots/v1/donor_foregrounds/truffle_amaretto/IMG_1970_c001.png,0.67319,0.351562,0.705158,touches_border,accept,
IMG_1970_c008,truffle_amaretto,Amaretto,3,IMG_1970.jpg,/homes/mxqasim/Chocolathon/data/chocolates/frozen/chocolate_dataset_v1/images/accepted/truffle_amaretto/IMG_1970_c008.jpg,/homes/mxqasim/Chocolathon/data/synthetic_slots/v1/donor_foregrounds/truffle_amaretto/IMG_1970_c008.png,0.594467,0.208705,0.609196,touches_border,accept,
IMG_1970_c020,truffle_amaretto,Amaretto,4,IMG_1970.jpg,/homes/mxqasim/Chocolathon/data/chocolates/frozen/chocolate_dataset_v1/images/accepted/truffle_amaretto/IMG_1970_c020.jpg,/homes/mxqasim/Chocolathon/data/synthetic_slots/v1/donor_foregrounds/truffle_amaretto/IMG_1970_c020.png,0.646564,0.113839,0.654516,,accept,
IMG_1970_c024,truffle_amaretto,Amaretto,5,IMG_1970.jpg,/homes/mxqasim/Chocolathon/data/chocolates/frozen/chocolate_dataset_v1/images/accepted/truffle_amaretto/IMG_1970_c024.jpg,/homes/mxqasim/Chocolathon/data/synthetic_slots/v1/donor_foregrounds/truffle_amaretto/IMG_1970_c024.png,0.691566,0.146205,0.728157,,accept,
IMG_1960_c006,truffle_bananas_foster,Bananas Foster,1,IMG_1960.jpg,/homes/mxqasim/Chocolathon/data/chocolates/frozen/chocolate_dataset_v1/images/accepted/truffle_bananas_foster/IMG_1960_c006.jpg,/homes/mxqasim/Chocolathon/data/synthetic_slots/v1/donor_foregrounds/truffle_bananas_foster/IMG_1960_c006.png,0.687799,0.319196,0.694077,touches_border,accept,
IMG_1960_c005,truffle_bananas_foster,Bananas Foster,2,IMG_1960.jpg,/homes/mxqasim/Chocolathon/data/chocolates/frozen/chocolate_dataset_v1/images/accepted/truffle_bananas_foster/IMG_1960_c005.jpg,/homes/mxqasim/Chocolathon/data/synthetic_slots/v1/donor_foregrounds/truffle_bananas_foster/IMG_1960_c005.png,0.657545,0.322545,0.697465,touches_border,accept,
IMG_1960_c007,truffle_bananas_foster,Bananas Foster,3,IMG_1960.jpg,/homes/mxqasim/Chocolathon/data/chocolates/frozen/chocolate_dataset_v1/images/accepted/truffle_bananas_foster/IMG_1960_c007.jpg,/homes/mxqasim/Chocolathon/data/synthetic_slots/v1/donor_foregrounds/truffle_bananas_foster/IMG_1960_c007.png,0.711914,0.305804,0.740055,touches_border,accept,
IMG_1960_c017,truffle_bananas_foster,Bananas Foster,4,IMG_1960.jpg,/homes/mxqasim/Chocolathon/data/chocolates/frozen/chocolate_dataset_v1/images/accepted/truffle_bananas_foster/IMG_1960_c017.jpg,/homes/mxqasim/Chocolathon/data/synthetic_slots/v1/donor_foregrounds/truffle_bananas_foster/IMG_1960_c017.png,0.27284,0.0,0.722218,,reject,full body is not covered
IMG_1960_c010,truffle_bananas_foster,Bananas Foster,5,IMG_1960.jpg,/homes/mxqasim/Chocolathon/data/chocolates/frozen/chocolate_dataset_v1/images/accepted/truffle_bananas_foster/IMG_1960_c010.jpg,/homes/mxqasim/Chocolathon/data/synthetic_slots/v1/donor_foregrounds/truffle_bananas_foster/IMG_1960_c010.png,0.580397,0.197545,0.592773,touches_border,accept,
IMG_1976_c003,truffle_brownie_batter,Brownie Batter,1,IMG_1976.jpg,/homes/mxqasim/Chocolathon/data/chocolates/frozen/chocolate_dataset_v1/images/accepted/truffle_brownie_batter/IMG_1976_c003.jpg,/homes/mxqasim/Chocolathon/data/synthetic_slots/v1/donor_foregrounds/truffle_brownie_batter/IMG_1976_c003.png,0.67032,0.279018,0.697923,touches_border,accept,
IMG_1976_c020,truffle_brownie_batter,Brownie Batter,2,IMG_1976.jpg,/homes/mxqasim/Chocolathon/data/chocolates/frozen/chocolate_dataset_v1/images/accepted/truffle_brownie_batter/IMG_1976_c020.jpg,/homes/mxqasim/Chocolathon/data/synthetic_slots/v1/donor_foregrounds/truffle_brownie_batter/IMG_1976_c020.png,0.553452,0.189732,0.529715,touches_border,accept,
IMG_1976_c016,truffle_brownie_batter,Brownie Batter,3,IMG_1976.jpg,/homes/mxqasim/Chocolathon/data/chocolates/frozen/chocolate_dataset_v1/images/accepted/truffle_brownie_batter/IMG_1976_c016.jpg,/homes/mxqasim/Chocolathon/data/synthetic_slots/v1/donor_foregrounds/truffle_brownie_batter/IMG_1976_c016.png,0.614437,0.091518,0.652045,,accept,
IMG_1976_c012,truffle_brownie_batter,Brownie Batter,4,IMG_1976.jpg,/homes/mxqasim/Chocolathon/data/chocolates/frozen/chocolate_dataset_v1/images/accepted/truffle_brownie_batter/IMG_1976_c012.jpg,/homes/mxqasim/Chocolathon/data/synthetic_slots/v1/donor_foregrounds/truffle_brownie_batter/IMG_1976_c012.png,0.637197,0.27567,0.633331,touches_border,accept,
IMG_1976_c024,truffle_brownie_batter,Brownie Batter,5,IMG_1976.jpg,/homes/mxqasim/Chocolathon/data/chocolates/frozen/chocolate_dataset_v1/images/accepted/truffle_brownie_batter/IMG_1976_c024.jpg,/homes/mxqasim/Chocolathon/data/synthetic_slots/v1/donor_foregrounds/truffle_brownie_batter/IMG_1976_c024.png,0.604971,0.166295,0.676957,touches_border,accept,
IMG_1964_c002,truffle_caramel_apple_cider,Caramel Apple Cider,1,IMG_1964.jpg,/homes/mxqasim/Chocolathon/data/chocolates/frozen/chocolate_dataset_v1/images/accepted/truffle_caramel_apple_cider/IMG_1964_c002.jpg,/homes/mxqasim/Chocolathon/data/synthetic_slots/v1/donor_foregrounds/truffle_caramel_apple_cider/IMG_1964_c002.png,0.555824,0.179688,0.580616,touches_border,accept,
IMG_1964_c003,truffle_caramel_apple_cider,Caramel Apple Cider,2,IMG_1964.jpg,/homes/mxqasim/Chocolathon/data/chocolates/frozen/chocolate_dataset_v1/images/accepted/truffle_caramel_apple_cider/IMG_1964_c003.jpg,/homes/mxqasim/Chocolathon/data/synthetic_slots/v1/donor_foregrounds/truffle_caramel_apple_cider/IMG_1964_c003.png,0.548111,0.101562,0.592275,,accept,
IMG_1964_c004,truffle_caramel_apple_cider,Caramel Apple Cider,3,IMG_1964.jpg,/homes/mxqasim/Chocolathon/data/chocolates/frozen/chocolate_dataset_v1/images/accepted/truffle_caramel_apple_cider/IMG_1964_c004.jpg,/homes/mxqasim/Chocolathon/data/synthetic_slots/v1/donor_foregrounds/truffle_caramel_apple_cider/IMG_1964_c004.png,0.577985,0.15067,0.618622,touches_border,accept,
IMG_1964_c001,truffle_caramel_apple_cider,Caramel Apple Cider,4,IMG_1964.jpg,/homes/mxqasim/Chocolathon/data/chocolates/frozen/chocolate_dataset_v1/images/accepted/truffle_caramel_apple_cider/IMG_1964_c001.jpg,/homes/mxqasim/Chocolathon/data/synthetic_slots/v1/donor_foregrounds/truffle_caramel_apple_cider/IMG_1964_c001.png,0.61926,0.277902,0.637416,touches_border,accept,
IMG_1964_c006,truffle_caramel_apple_cider,Caramel Apple Cider,5,IMG_1964.jpg,/homes/mxqasim/Chocolathon/data/chocolates/frozen/chocolate_dataset_v1/images/accepted/truffle_caramel_apple_cider/IMG_1964_c006.jpg,/homes/mxqasim/Chocolathon/data/synthetic_slots/v1/donor_foregrounds/truffle_caramel_apple_cider/IMG_1964_c006.png,0.658422,0.045759,0.695592,,accept,
IMG_1974_c004,truffle_champagne,Champagne,1,IMG_1974.jpg,/homes/mxqasim/Chocolathon/data/chocolates/frozen/chocolate_dataset_v1/images/accepted/truffle_champagne/IMG_1974_c004.jpg,/homes/mxqasim/Chocolathon/data/synthetic_slots/v1/donor_foregrounds/truffle_champagne/IMG_1974_c004.png,0.61942,0.296875,0.63064,touches_border,accept,
IMG_1974_c003,truffle_champagne,Champagne,2,IMG_1974.jpg,/homes/mxqasim/Chocolathon/data/chocolates/frozen/chocolate_dataset_v1/images/accepted/truffle_champagne/IMG_1974_c003.jpg,/homes/mxqasim/Chocolathon/data/synthetic_slots/v1/donor_foregrounds/truffle_champagne/IMG_1974_c003.png,0.681322,0.176339,0.698581,touches_border,accept,
IMG_1974_c002,truffle_champagne,Champagne,3,IMG_1974.jpg,/homes/mxqasim/Chocolathon/data/chocolates/frozen/chocolate_dataset_v1/images/accepted/truffle_champagne/IMG_1974_c002.jpg,/homes/mxqasim/Chocolathon/data/synthetic_slots/v1/donor_foregrounds/truffle_champagne/IMG_1974_c002.png,0.682836,0.274554,0.70456,touches_border,accept,
IMG_1974_c001,truffle_champagne,Champagne,4,IMG_1974.jpg,/homes/mxqasim/Chocolathon/data/chocolates/frozen/chocolate_dataset_v1/images/accepted/truffle_champagne/IMG_1974_c001.jpg,/homes/mxqasim/Chocolathon/data/synthetic_slots/v1/donor_foregrounds/truffle_champagne/IMG_1974_c001.png,0.63628,0.217634,0.66189,touches_border,accept,
IMG_1974_c009,truffle_champagne,Champagne,5,IMG_1974.jpg,/homes/mxqasim/Chocolathon/data/chocolates/frozen/chocolate_dataset_v1/images/accepted/truffle_champagne/IMG_1974_c009.jpg,/homes/mxqasim/Chocolathon/data/synthetic_slots/v1/donor_foregrounds/truffle_champagne/IMG_1974_c009.png,0.661412,0.267857,0.674466,touches_border,accept,
IMG_1988_c009,truffle_cheesecake,Cheesecake,1,IMG_1988.jpg,/homes/mxqasim/Chocolathon/data/chocolates/frozen/chocolate_dataset_v1/images/accepted/truffle_cheesecake/IMG_1988_c009.jpg,/homes/mxqasim/Chocolathon/data/synthetic_slots/v1/donor_foregrounds/truffle_cheesecake/IMG_1988_c009.png,0.688935,0.19308,0.715362,touches_border,accept,
IMG_1988_c006,truffle_cheesecake,Cheesecake,2,IMG_1988.jpg,/homes/mxqasim/Chocolathon/data/chocolates/frozen/chocolate_dataset_v1/images/accepted/truffle_cheesecake/IMG_1988_c006.jpg,/homes/mxqasim/Chocolathon/data/synthetic_slots/v1/donor_foregrounds/truffle_cheesecake/IMG_1988_c006.png,0.676399,0.138393,0.674845,,accept,
IMG_1988_c008,truffle_cheesecake,Cheesecake,3,IMG_1988.jpg,/homes/mxqasim/Chocolathon/data/chocolates/frozen/chocolate_dataset_v1/images/accepted/truffle_cheesecake/IMG_1988_c008.jpg,/homes/mxqasim/Chocolathon/data/synthetic_slots/v1/donor_foregrounds/truffle_cheesecake/IMG_1988_c008.png,0.698202,0.263393,0.692323,touches_border,accept,
IMG_1988_c002,truffle_cheesecake,Cheesecake,4,IMG_1988.jpg,/homes/mxqasim/Chocolathon/data/chocolates/frozen/chocolate_dataset_v1/images/accepted/truffle_cheesecake/IMG_1988_c002.jpg,/homes/mxqasim/Chocolathon/data/synthetic_slots/v1/donor_foregrounds/truffle_cheesecake/IMG_1988_c002.png,0.702467,0.128348,0.732103,,accept,
IMG_1988_c004,truffle_cheesecake,Cheesecake,5,IMG_1988.jpg,/homes/mxqasim/Chocolathon/data/chocolates/frozen/chocolate_dataset_v1/images/accepted/truffle_cheesecake/IMG_1988_c004.jpg,/homes/mxqasim/Chocolathon/data/synthetic_slots/v1/donor_foregrounds/truffle_cheesecake/IMG_1988_c004.png,0.662986,0.170759,0.74143,touches_border,accept,
IMG_1994_c014,truffle_confetti_cake,Confetti Cake,1,IMG_1994.jpg,/homes/mxqasim/Chocolathon/data/chocolates/frozen/chocolate_dataset_v1/images/accepted/truffle_confetti_cake/IMG_1994_c014.jpg,/homes/mxqasim/Chocolathon/data/synthetic_slots/v1/donor_foregrounds/truffle_confetti_cake/IMG_1994_c014.png,0.663305,0.177455,0.623445,touches_border,accept,
IMG_1994_c012,truffle_confetti_cake,Confetti Cake,2,IMG_1994.jpg,/homes/mxqasim/Chocolathon/data/chocolates/frozen/chocolate_dataset_v1/images/accepted/truffle_confetti_cake/IMG_1994_c012.jpg,/homes/mxqasim/Chocolathon/data/synthetic_slots/v1/donor_foregrounds/truffle_confetti_cake/IMG_1994_c012.png,0.563855,0.081473,0.553711,,accept,
IMG_1994_c016,truffle_confetti_cake,Confetti Cake,3,IMG_1994.jpg,/homes/mxqasim/Chocolathon/data/chocolates/frozen/chocolate_dataset_v1/images/accepted/truffle_confetti_cake/IMG_1994_c016.jpg,/homes/mxqasim/Chocolathon/data/synthetic_slots/v1/donor_foregrounds/truffle_confetti_cake/IMG_1994_c016.png,0.584044,0.120536,0.549845,,accept,
IMG_1994_c010,truffle_confetti_cake,Confetti Cake,4,IMG_1994.jpg,/homes/mxqasim/Chocolathon/data/chocolates/frozen/chocolate_dataset_v1/images/accepted/truffle_confetti_cake/IMG_1994_c010.jpg,/homes/mxqasim/Chocolathon/data/synthetic_slots/v1/donor_foregrounds/truffle_confetti_cake/IMG_1994_c010.png,0.649394,0.177455,0.656748,touches_border,accept,
IMG_1994_c011,truffle_confetti_cake,Confetti Cake,5,IMG_1994.jpg,/homes/mxqasim/Chocolathon/data/chocolates/frozen/chocolate_dataset_v1/images/accepted/truffle_confetti_cake/IMG_1994_c011.jpg,/homes/mxqasim/Chocolathon/data/synthetic_slots/v1/donor_foregrounds/truffle_confetti_cake/IMG_1994_c011.png,0.645528,0.235491,0.645548,touches_border,accept,
IMG_1992_c013,truffle_cookies_cream,Cookies & Cream,1,IMG_1992.jpg,/homes/mxqasim/Chocolathon/data/chocolates/frozen/chocolate_dataset_v1/images/accepted/truffle_cookies_cream/IMG_1992_c013.jpg,/homes/mxqasim/Chocolathon/data/synthetic_slots/v1/donor_foregrounds/truffle_cookies_cream/IMG_1992_c013.png,0.382992,0.110491,0.39212,,reject,ful bpdy is not captured
IMG_1992_c025,truffle_cookies_cream,Cookies & Cream,2,IMG_1992.jpg,/homes/mxqasim/Chocolathon/data/chocolates/frozen/chocolate_dataset_v1/images/accepted/truffle_cookies_cream/IMG_1992_c025.jpg,/homes/mxqasim/Chocolathon/data/synthetic_slots/v1/donor_foregrounds/truffle_cookies_cream/IMG_1992_c025.png,0.665697,0.303571,0.666055,touches_border,accept,
IMG_1992_c028,truffle_cookies_cream,Cookies & Cream,3,IMG_1992.jpg,/homes/mxqasim/Chocolathon/data/chocolates/frozen/chocolate_dataset_v1/images/accepted/truffle_cookies_cream/IMG_1992_c028.jpg,/homes/mxqasim/Chocolathon/data/synthetic_slots/v1/donor_foregrounds/truffle_cookies_cream/IMG_1992_c028.png,0.776327,0.272321,0.725666,too_large,accept,
IMG_1992_c027,truffle_cookies_cream,Cookies & Cream,4,IMG_1992.jpg,/homes/mxqasim/Chocolathon/data/chocolates/frozen/chocolate_dataset_v1/images/accepted/truffle_cookies_cream/IMG_1992_c027.jpg,/homes/mxqasim/Chocolathon/data/synthetic_slots/v1/donor_foregrounds/truffle_cookies_cream/IMG_1992_c027.png,0.75289,0.370536,0.769053,too_large,accept,
IMG_1992_c024,truffle_cookies_cream,Cookies & Cream,5,IMG_1992.jpg,/homes/mxqasim/Chocolathon/data/chocolates/frozen/chocolate_dataset_v1/images/accepted/truffle_cookies_cream/IMG_1992_c024.jpg,/homes/mxqasim/Chocolathon/data/synthetic_slots/v1/donor_foregrounds/truffle_cookies_cream/IMG_1992_c024.png,0.781031,0.405134,0.736308,too_large,accept,
IMG_1996_c018,truffle_creamsicle,Creamsicle,1,IMG_1996.jpg,/homes/mxqasim/Chocolathon/data/chocolates/frozen/chocolate_dataset_v1/images/accepted/truffle_creamsicle/IMG_1996_c018.jpg,/homes/mxqasim/Chocolathon/data/synthetic_slots/v1/donor_foregrounds/truffle_creamsicle/IMG_1996_c018.png,0.321608,0.022321,0.715741,,reject,full body is not captured
IMG_1989_c011,truffle_creamsicle,Creamsicle,2,IMG_1989.jpg,/homes/mxqasim/Chocolathon/data/chocolates/frozen/chocolate_dataset_v1/images/accepted/truffle_creamsicle/IMG_1989_c011.jpg,/homes/mxqasim/Chocolathon/data/synthetic_slots/v1/donor_foregrounds/truffle_creamsicle/IMG_1989_c011.png,0.625399,0.169643,0.653858,touches_border,accept,
IMG_1996_c023,truffle_creamsicle,Creamsicle,3,IMG_1996.jpg,/homes/mxqasim/Chocolathon/data/chocolates/frozen/chocolate_dataset_v1/images/accepted/truffle_creamsicle/IMG_1996_c023.jpg,/homes/mxqasim/Chocolathon/data/synthetic_slots/v1/donor_foregrounds/truffle_creamsicle/IMG_1996_c023.png,0.620974,0.122768,0.635124,,accept,
IMG_1996_c017,truffle_creamsicle,Creamsicle,4,IMG_1996.jpg,/homes/mxqasim/Chocolathon/data/chocolates/frozen/chocolate_dataset_v1/images/accepted/truffle_creamsicle/IMG_1996_c017.jpg,/homes/mxqasim/Chocolathon/data/synthetic_slots/v1/donor_foregrounds/truffle_creamsicle/IMG_1996_c017.png,0.795639,0.350446,0.804389,too_large,accept,
IMG_1996_c019,truffle_creamsicle,Creamsicle,5,IMG_1996.jpg,/homes/mxqasim/Chocolathon/data/chocolates/frozen/chocolate_dataset_v1/images/accepted/truffle_creamsicle/IMG_1996_c019.jpg,/homes/mxqasim/Chocolathon/data/synthetic_slots/v1/donor_foregrounds/truffle_creamsicle/IMG_1996_c019.png,0.672553,0.332589,0.744878,touches_border,accept,
IMG_1973_c004,truffle_creme_brulee,Crème Brûlée,1,IMG_1973.jpg,/homes/mxqasim/Chocolathon/data/chocolates/frozen/chocolate_dataset_v1/images/accepted/truffle_creme_brulee/IMG_1973_c004.jpg,/homes/mxqasim/Chocolathon/data/synthetic_slots/v1/donor_foregrounds/truffle_creme_brulee/IMG_1973_c004.png,0.723752,0.222098,0.7386,touches_border,accept,
IMG_1973_c009,truffle_creme_brulee,Crème Brûlée,2,IMG_1973.jpg,/homes/mxqasim/Chocolathon/data/chocolates/frozen/chocolate_dataset_v1/images/accepted/truffle_creme_brulee/IMG_1973_c009.jpg,/homes/mxqasim/Chocolathon/data/synthetic_slots/v1/donor_foregrounds/truffle_creme_brulee/IMG_1973_c009.png,0.645767,0.238839,0.649275,touches_border,accept,
IMG_1973_c013,truffle_creme_brulee,Crème Brûlée,3,IMG_1973.jpg,/homes/mxqasim/Chocolathon/data/chocolates/frozen/chocolate_dataset_v1/images/accepted/truffle_creme_brulee/IMG_1973_c013.jpg,/homes/mxqasim/Chocolathon/data/synthetic_slots/v1/donor_foregrounds/truffle_creme_brulee/IMG_1973_c013.png,0.584602,0.141741,0.598015,,accept,
IMG_1973_c019,truffle_creme_brulee,Crème Brûlée,4,IMG_1973.jpg,/homes/mxqasim/Chocolathon/data/chocolates/frozen/chocolate_dataset_v1/images/accepted/truffle_creme_brulee/IMG_1973_c019.jpg,/homes/mxqasim/Chocolathon/data/synthetic_slots/v1/donor_foregrounds/truffle_creme_brulee/IMG_1973_c019.png,0.608518,0.0,0.691406,,accept,
IMG_1973_c014,truffle_creme_brulee,Crème Brûlée,5,IMG_1973.jpg,/homes/mxqasim/Chocolathon/data/chocolates/frozen/chocolate_dataset_v1/images/accepted/truffle_creme_brulee/IMG_1973_c014.jpg,/homes/mxqasim/Chocolathon/data/synthetic_slots/v1/donor_foregrounds/truffle_creme_brulee/IMG_1973_c014.png,0.566904,0.238839,0.571209,touches_border,accept,
IMG_1961_c001,truffle_dulce_de_leche,Dulce de Leche,1,IMG_1961.jpg,/homes/mxqasim/Chocolathon/data/chocolates/frozen/chocolate_dataset_v1/images/accepted/truffle_dulce_de_leche/IMG_1961_c001.jpg,/homes/mxqasim/Chocolathon/data/synthetic_slots/v1/donor_foregrounds/truffle_dulce_de_leche/IMG_1961_c001.png,0.600267,0.212054,0.534638,touches_border,accept,
IMG_1961_c004,truffle_dulce_de_leche,Dulce de Leche,2,IMG_1961.jpg,/homes/mxqasim/Chocolathon/data/chocolates/frozen/chocolate_dataset_v1/images/accepted/truffle_dulce_de_leche/IMG_1961_c004.jpg,/homes/mxqasim/Chocolathon/data/synthetic_slots/v1/donor_foregrounds/truffle_dulce_de_leche/IMG_1961_c004.png,0.662269,0.219866,0.693379,touches_border,accept,
IMG_1961_c010,truffle_dulce_de_leche,Dulce de Leche,3,IMG_1961.jpg,/homes/mxqasim/Chocolathon/data/chocolates/frozen/chocolate_dataset_v1/images/accepted/truffle_dulce_de_leche/IMG_1961_c010.jpg,/homes/mxqasim/Chocolathon/data/synthetic_slots/v1/donor_foregrounds/truffle_dulce_de_leche/IMG_1961_c010.png,0.630481,0.212054,0.654616,touches_border,accept,
IMG_1961_c014,truffle_dulce_de_leche,Dulce de Leche,4,IMG_1961.jpg,/homes/mxqasim/Chocolathon/data/chocolates/frozen/chocolate_dataset_v1/images/accepted/truffle_dulce_de_leche/IMG_1961_c014.jpg,/homes/mxqasim/Chocolathon/data/synthetic_slots/v1/donor_foregrounds/truffle_dulce_de_leche/IMG_1961_c014.png,0.665298,0.198661,0.549506,touches_border,accept,
IMG_1961_c003,truffle_dulce_de_leche,Dulce de Leche,5,IMG_1961.jpg,/homes/mxqasim/Chocolathon/data/chocolates/frozen/chocolate_dataset_v1/images/accepted/truffle_dulce_de_leche/IMG_1961_c003.jpg,/homes/mxqasim/Chocolathon/data/synthetic_slots/v1/donor_foregrounds/truffle_dulce_de_leche/IMG_1961_c003.png,0.683972,0.176339,0.715322,touches_border,accept,
IMG_1972_c016,truffle_espresso_martini,Espresso Martini,1,IMG_1972.jpg,/homes/mxqasim/Chocolathon/data/chocolates/frozen/chocolate_dataset_v1/images/accepted/truffle_espresso_martini/IMG_1972_c016.jpg,/homes/mxqasim/Chocolathon/data/synthetic_slots/v1/donor_foregrounds/truffle_espresso_martini/IMG_1972_c016.png,0.406449,0.280134,0.722836,touches_border,reject,full body not captured only some shade is captured
IMG_1972_c012,truffle_espresso_martini,Espresso Martini,2,IMG_1972.jpg,/homes/mxqasim/Chocolathon/data/chocolates/frozen/chocolate_dataset_v1/images/accepted/truffle_espresso_martini/IMG_1972_c012.jpg,/homes/mxqasim/Chocolathon/data/synthetic_slots/v1/donor_foregrounds/truffle_espresso_martini/IMG_1972_c012.png,0.698721,0.445312,0.742686,touches_border,reject,its overlapping with other cchocolate but captured well
IMG_1972_c015,truffle_espresso_martini,Espresso Martini,3,IMG_1972.jpg,/homes/mxqasim/Chocolathon/data/chocolates/frozen/chocolate_dataset_v1/images/accepted/truffle_espresso_martini/IMG_1972_c015.jpg,/homes/mxqasim/Chocolathon/data/synthetic_slots/v1/donor_foregrounds/truffle_espresso_martini/IMG_1972_c015.png,0.522361,0.196429,0.542889,touches_border,accept,
IMG_1972_c019,truffle_espresso_martini,Espresso Martini,4,IMG_1972.jpg,/homes/mxqasim/Chocolathon/data/chocolates/frozen/chocolate_dataset_v1/images/accepted/truffle_espresso_martini/IMG_1972_c019.jpg,/homes/mxqasim/Chocolathon/data/synthetic_slots/v1/donor_foregrounds/truffle_espresso_martini/IMG_1972_c019.png,0.623147,0.178571,0.665258,touches_border,accept,
IMG_1972_c020,truffle_espresso_martini,Espresso Martini,5,IMG_1972.jpg,/homes/mxqasim/Chocolathon/data/chocolates/frozen/chocolate_dataset_v1/images/accepted/truffle_espresso_martini/IMG_1972_c020.jpg,/homes/mxqasim/Chocolathon/data/synthetic_slots/v1/donor_foregrounds/truffle_espresso_martini/IMG_1972_c020.png,0.236667,0.002232,0.304229,,accept,only upper coating captured not full chocoalte
IMG_1975_c009,truffle_grey_salt_caramel,Grey Salt Caramel,1,IMG_1975.jpg,/homes/mxqasim/Chocolathon/data/chocolates/frozen/chocolate_dataset_v1/images/accepted/truffle_grey_salt_caramel/IMG_1975_c009.jpg,/homes/mxqasim/Chocolathon/data/synthetic_slots/v1/donor_foregrounds/truffle_grey_salt_caramel/IMG_1975_c009.png,0.469129,0.341518,0.479871,touches_border,accept,
IMG_1975_c004,truffle_grey_salt_caramel,Grey Salt Caramel,2,IMG_1975.jpg,/homes/mxqasim/Chocolathon/data/chocolates/frozen/chocolate_dataset_v1/images/accepted/truffle_grey_salt_caramel/IMG_1975_c004.jpg,/homes/mxqasim/Chocolathon/data/synthetic_slots/v1/donor_foregrounds/truffle_grey_salt_caramel/IMG_1975_c004.png,0.730987,0.21317,0.731346,touches_border,accept,
IMG_1975_c013,truffle_grey_salt_caramel,Grey Salt Caramel,3,IMG_1975.jpg,/homes/mxqasim/Chocolathon/data/chocolates/frozen/chocolate_dataset_v1/images/accepted/truffle_grey_salt_caramel/IMG_1975_c013.jpg,/homes/mxqasim/Chocolathon/data/synthetic_slots/v1/donor_foregrounds/truffle_grey_salt_caramel/IMG_1975_c013.png,0.720045,0.334821,0.740892,touches_border,accept,
IMG_1975_c003,truffle_grey_salt_caramel,Grey Salt Caramel,4,IMG_1975.jpg,/homes/mxqasim/Chocolathon/data/chocolates/frozen/chocolate_dataset_v1/images/accepted/truffle_grey_salt_caramel/IMG_1975_c003.jpg,/homes/mxqasim/Chocolathon/data/synthetic_slots/v1/donor_foregrounds/truffle_grey_salt_caramel/IMG_1975_c003.png,0.730489,0.24442,0.738959,touches_border,accept,
IMG_1975_c001,truffle_grey_salt_caramel,Grey Salt Caramel,5,IMG_1975.jpg,/homes/mxqasim/Chocolathon/data/chocolates/frozen/chocolate_dataset_v1/images/accepted/truffle_grey_salt_caramel/IMG_1975_c001.jpg,/homes/mxqasim/Chocolathon/data/synthetic_slots/v1/donor_foregrounds/truffle_grey_salt_caramel/IMG_1975_c001.png,0.707211,0.235491,0.798848,touches_border,accept,
IMG_1995_c015,truffle_key_lime_pie,Key Lime Pie,1,IMG_1995.jpg,/homes/mxqasim/Chocolathon/data/chocolates/frozen/chocolate_dataset_v1/images/accepted/truffle_key_lime_pie/IMG_1995_c015.jpg,/homes/mxqasim/Chocolathon/data/synthetic_slots/v1/donor_foregrounds/truffle_key_lime_pie/IMG_1995_c015.png,0.653121,0.377232,0.67038,touches_border,accept,
IMG_1995_c023,truffle_key_lime_pie,Key Lime Pie,2,IMG_1995.jpg,/homes/mxqasim/Chocolathon/data/chocolates/frozen/chocolate_dataset_v1/images/accepted/truffle_key_lime_pie/IMG_1995_c023.jpg,/homes/mxqasim/Chocolathon/data/synthetic_slots/v1/donor_foregrounds/truffle_key_lime_pie/IMG_1995_c023.png,0.65629,0.352679,0.589864,touches_border,accept,
IMG_1995_c022,truffle_key_lime_pie,Key Lime Pie,3,IMG_1995.jpg,/homes/mxqasim/Chocolathon/data/chocolates/frozen/chocolate_dataset_v1/images/accepted/truffle_key_lime_pie/IMG_1995_c022.jpg,/homes/mxqasim/Chocolathon/data/synthetic_slots/v1/donor_foregrounds/truffle_key_lime_pie/IMG_1995_c022.png,0.700694,0.261161,0.564912,touches_border,accept,
IMG_1995_c018,truffle_key_lime_pie,Key Lime Pie,4,IMG_1995.jpg,/homes/mxqasim/Chocolathon/data/chocolates/frozen/chocolate_dataset_v1/images/accepted/truffle_key_lime_pie/IMG_1995_c018.jpg,/homes/mxqasim/Chocolathon/data/synthetic_slots/v1/donor_foregrounds/truffle_key_lime_pie/IMG_1995_c018.png,0.745635,0.297991,0.673449,touches_border,accept,
IMG_1995_c011,truffle_key_lime_pie,Key Lime Pie,5,IMG_1995.jpg,/homes/mxqasim/Chocolathon/data/chocolates/frozen/chocolate_dataset_v1/images/accepted/truffle_key_lime_pie/IMG_1995_c011.jpg,/homes/mxqasim/Chocolathon/data/synthetic_slots/v1/donor_foregrounds/truffle_key_lime_pie/IMG_1995_c011.png,0.59375,0.324777,0.624761,touches_border,accept,
IMG_1991_c006,truffle_lemon,Lemon,1,IMG_1991.jpg,/homes/mxqasim/Chocolathon/data/chocolates/frozen/chocolate_dataset_v1/images/accepted/truffle_lemon/IMG_1991_c006.jpg,/homes/mxqasim/Chocolathon/data/synthetic_slots/v1/donor_foregrounds/truffle_lemon/IMG_1991_c006.png,0.711097,0.335938,0.709363,touches_border,accept,
IMG_1991_c005,truffle_lemon,Lemon,2,IMG_1991.jpg,/homes/mxqasim/Chocolathon/data/chocolates/frozen/chocolate_dataset_v1/images/accepted/truffle_lemon/IMG_1991_c005.jpg,/homes/mxqasim/Chocolathon/data/synthetic_slots/v1/donor_foregrounds/truffle_lemon/IMG_1991_c005.png,0.637317,0.300223,0.645727,touches_border,accept,
IMG_1991_c011,truffle_lemon,Lemon,3,IMG_1991.jpg,/homes/mxqasim/Chocolathon/data/chocolates/frozen/chocolate_dataset_v1/images/accepted/truffle_lemon/IMG_1991_c011.jpg,/homes/mxqasim/Chocolathon/data/synthetic_slots/v1/donor_foregrounds/truffle_lemon/IMG_1991_c011.png,0.446827,0.270089,0.436384,touches_border,accept,
IMG_1991_c008,truffle_lemon,Lemon,4,IMG_1991.jpg,/homes/mxqasim/Chocolathon/data/chocolates/frozen/chocolate_dataset_v1/images/accepted/truffle_lemon/IMG_1991_c008.jpg,/homes/mxqasim/Chocolathon/data/synthetic_slots/v1/donor_foregrounds/truffle_lemon/IMG_1991_c008.png,0.683255,0.149554,0.695312,,accept,
IMG_1991_c001,truffle_lemon,Lemon,5,IMG_1991.jpg,/homes/mxqasim/Chocolathon/data/chocolates/frozen/chocolate_dataset_v1/images/accepted/truffle_lemon/IMG_1991_c001.jpg,/homes/mxqasim/Chocolathon/data/synthetic_slots/v1/donor_foregrounds/truffle_lemon/IMG_1991_c001.png,0.727918,0.214286,0.717953,touches_border,accept,
IMG_1965_c005,truffle_manhattan,Manhattan,1,IMG_1965.jpg,/homes/mxqasim/Chocolathon/data/chocolates/frozen/chocolate_dataset_v1/images/accepted/truffle_manhattan/IMG_1965_c005.jpg,/homes/mxqasim/Chocolathon/data/synthetic_slots/v1/donor_foregrounds/truffle_manhattan/IMG_1965_c005.png,0.704739,0.197545,0.742307,touches_border,accept,
IMG_1965_c017,truffle_manhattan,Manhattan,2,IMG_1965.jpg,/homes/mxqasim/Chocolathon/data/chocolates/frozen/chocolate_dataset_v1/images/accepted/truffle_manhattan/IMG_1965_c017.jpg,/homes/mxqasim/Chocolathon/data/synthetic_slots/v1/donor_foregrounds/truffle_manhattan/IMG_1965_c017.png,0.688995,0.149554,0.719069,,accept,
IMG_1965_c006,truffle_manhattan,Manhattan,3,IMG_1965.jpg,/homes/mxqasim/Chocolathon/data/chocolates/frozen/chocolate_dataset_v1/images/accepted/truffle_manhattan/IMG_1965_c006.jpg,/homes/mxqasim/Chocolathon/data/synthetic_slots/v1/donor_foregrounds/truffle_manhattan/IMG_1965_c006.png,0.725566,0.291295,0.739796,touches_border,accept,
IMG_1965_c026,truffle_manhattan,Manhattan,4,IMG_1965.jpg,/homes/mxqasim/Chocolathon/data/chocolates/frozen/chocolate_dataset_v1/images/accepted/truffle_manhattan/IMG_1965_c026.jpg,/homes/mxqasim/Chocolathon/data/synthetic_slots/v1/donor_foregrounds/truffle_manhattan/IMG_1965_c026.png,0.644491,0.15625,0.661412,touches_border,accept,
IMG_1965_c022,truffle_manhattan,Manhattan,5,IMG_1965.jpg,/homes/mxqasim/Chocolathon/data/chocolates/frozen/chocolate_dataset_v1/images/accepted/truffle_manhattan/IMG_1965_c022.jpg,/homes/mxqasim/Chocolathon/data/synthetic_slots/v1/donor_foregrounds/truffle_manhattan/IMG_1965_c022.png,0.699737,0.146205,0.729432,,accept,
IMG_1986_c001,truffle_maple_cream,Maple Cream,1,IMG_1986.jpg,/homes/mxqasim/Chocolathon/data/chocolates/frozen/chocolate_dataset_v1/images/accepted/truffle_maple_cream/IMG_1986_c001.jpg,/homes/mxqasim/Chocolathon/data/synthetic_slots/v1/donor_foregrounds/truffle_maple_cream/IMG_1986_c001.png,0.654695,0.241071,0.72453,touches_border,accept,
IMG_1986_c008,truffle_maple_cream,Maple Cream,2,IMG_1986.jpg,/homes/mxqasim/Chocolathon/data/chocolates/frozen/chocolate_dataset_v1/images/accepted/truffle_maple_cream/IMG_1986_c008.jpg,/homes/mxqasim/Chocolathon/data/synthetic_slots/v1/donor_foregrounds/truffle_maple_cream/IMG_1986_c008.png,0.638552,0.257812,0.675522,touches_border,accept,
IMG_1986_c010,truffle_maple_cream,Maple Cream,3,IMG_1986.jpg,/homes/mxqasim/Chocolathon/data/chocolates/frozen/chocolate_dataset_v1/images/accepted/truffle_maple_cream/IMG_1986_c010.jpg,/homes/mxqasim/Chocolathon/data/synthetic_slots/v1/donor_foregrounds/truffle_maple_cream/IMG_1986_c010.png,0.796098,0.518973,0.813217,too_large,accept,
IMG_1986_c009,truffle_maple_cream,Maple Cream,4,IMG_1986.jpg,/homes/mxqasim/Chocolathon/data/chocolates/frozen/chocolate_dataset_v1/images/accepted/truffle_maple_cream/IMG_1986_c009.jpg,/homes/mxqasim/Chocolathon/data/synthetic_slots/v1/donor_foregrounds/truffle_maple_cream/IMG_1986_c009.png,0.776008,0.492188,0.793925,too_large,accept,
IMG_1986_c016,truffle_maple_cream,Maple Cream,5,IMG_1986.jpg,/homes/mxqasim/Chocolathon/data/chocolates/frozen/chocolate_dataset_v1/images/accepted/truffle_maple_cream/IMG_1986_c016.jpg,/homes/mxqasim/Chocolathon/data/synthetic_slots/v1/donor_foregrounds/truffle_maple_cream/IMG_1986_c016.png,0.800542,0.547991,0.818359,too_large,accept,
IMG_1966_c003,truffle_peanut_butter_caramel,Peanut Butter Caramel,1,IMG_1966.jpg,/homes/mxqasim/Chocolathon/data/chocolates/frozen/chocolate_dataset_v1/images/accepted/truffle_peanut_butter_caramel/IMG_1966_c003.jpg,/homes/mxqasim/Chocolathon/data/synthetic_slots/v1/donor_foregrounds/truffle_peanut_butter_caramel/IMG_1966_c003.png,0.513293,0.235491,0.540816,touches_border,accept,
IMG_1966_c002,truffle_peanut_butter_caramel,Peanut Butter Caramel,2,IMG_1966.jpg,/homes/mxqasim/Chocolathon/data/chocolates/frozen/chocolate_dataset_v1/images/accepted/truffle_peanut_butter_caramel/IMG_1966_c002.jpg,/homes/mxqasim/Chocolathon/data/synthetic_slots/v1/donor_foregrounds/truffle_peanut_butter_caramel/IMG_1966_c002.png,0.609076,0.223214,0.628089,touches_border,accept,
IMG_1966_c004,truffle_peanut_butter_caramel,Peanut Butter Caramel,3,IMG_1966.jpg,/homes/mxqasim/Chocolathon/data/chocolates/frozen/chocolate_dataset_v1/images/accepted/truffle_peanut_butter_caramel/IMG_1966_c004.jpg,/homes/mxqasim/Chocolathon/data/synthetic_slots/v1/donor_foregrounds/truffle_peanut_butter_caramel/IMG_1966_c004.png,0.609255,0.238839,0.616689,touches_border,accept,
IMG_1966_c016,truffle_peanut_butter_caramel,Peanut Butter Caramel,4,IMG_1966.jpg,/homes/mxqasim/Chocolathon/data/chocolates/frozen/chocolate_dataset_v1/images/accepted/truffle_peanut_butter_caramel/IMG_1966_c016.jpg,/homes/mxqasim/Chocolathon/data/synthetic_slots/v1/donor_foregrounds/truffle_peanut_butter_caramel/IMG_1966_c016.png,0.645647,0.168527,0.699837,touches_border,accept,
IMG_1966_c012,truffle_peanut_butter_caramel,Peanut Butter Caramel,5,IMG_1966.jpg,/homes/mxqasim/Chocolathon/data/chocolates/frozen/chocolate_dataset_v1/images/accepted/truffle_peanut_butter_caramel/IMG_1966_c012.jpg,/homes/mxqasim/Chocolathon/data/synthetic_slots/v1/donor_foregrounds/truffle_peanut_butter_caramel/IMG_1966_c012.png,0.599709,0.049107,0.664959,,accept,
IMG_1997_c016,truffle_pineapple_moscato,Pineapple & Moscato,1,IMG_1997.jpg,/homes/mxqasim/Chocolathon/data/chocolates/frozen/chocolate_dataset_v1/images/accepted/truffle_pineapple_moscato/IMG_1997_c016.jpg,/homes/mxqasim/Chocolathon/data/synthetic_slots/v1/donor_foregrounds/truffle_pineapple_moscato/IMG_1997_c016.png,0.707629,0.203125,0.683036,touches_border,accept,
IMG_1997_c013,truffle_pineapple_moscato,Pineapple & Moscato,2,IMG_1997.jpg,/homes/mxqasim/Chocolathon/data/chocolates/frozen/chocolate_dataset_v1/images/accepted/truffle_pineapple_moscato/IMG_1997_c013.jpg,/homes/mxqasim/Chocolathon/data/synthetic_slots/v1/donor_foregrounds/truffle_pineapple_moscato/IMG_1997_c013.png,0.64776,0.397321,0.598972,touches_border,accept,
IMG_1997_c005,truffle_pineapple_moscato,Pineapple & Moscato,3,IMG_1997.jpg,/homes/mxqasim/Chocolathon/data/chocolates/frozen/chocolate_dataset_v1/images/accepted/truffle_pineapple_moscato/IMG_1997_c005.jpg,/homes/mxqasim/Chocolathon/data/synthetic_slots/v1/donor_foregrounds/truffle_pineapple_moscato/IMG_1997_c005.png,0.759387,0.358259,0.750558,too_large,accept,
IMG_1997_c008,truffle_pineapple_moscato,Pineapple & Moscato,4,IMG_1997.jpg,/homes/mxqasim/Chocolathon/data/chocolates/frozen/chocolate_dataset_v1/images/accepted/truffle_pineapple_moscato/IMG_1997_c008.jpg,/homes/mxqasim/Chocolathon/data/synthetic_slots/v1/donor_foregrounds/truffle_pineapple_moscato/IMG_1997_c008.png,0.687938,0.395089,0.682757,touches_border,accept,
IMG_1997_c018,truffle_pineapple_moscato,Pineapple & Moscato,5,IMG_1997.jpg,/homes/mxqasim/Chocolathon/data/chocolates/frozen/chocolate_dataset_v1/images/accepted/truffle_pineapple_moscato/IMG_1997_c018.jpg,/homes/mxqasim/Chocolathon/data/synthetic_slots/v1/donor_foregrounds/truffle_pineapple_moscato/IMG_1997_c018.png,0.702607,0.202009,0.669444,touches_border,accept,
IMG_1987_c004,truffle_pistachio,Pistachio,1,IMG_1987.jpg,/homes/mxqasim/Chocolathon/data/chocolates/frozen/chocolate_dataset_v1/images/accepted/truffle_pistachio/IMG_1987_c004.jpg,/homes/mxqasim/Chocolathon/data/synthetic_slots/v1/donor_foregrounds/truffle_pistachio/IMG_1987_c004.png,0.614357,0.1875,0.697246,touches_border,accept,
IMG_1987_c003,truffle_pistachio,Pistachio,2,IMG_1987.jpg,/homes/mxqasim/Chocolathon/data/chocolates/frozen/chocolate_dataset_v1/images/accepted/truffle_pistachio/IMG_1987_c003.jpg,/homes/mxqasim/Chocolathon/data/synthetic_slots/v1/donor_foregrounds/truffle_pistachio/IMG_1987_c003.png,0.616689,0.19308,0.631358,touches_border,accept,
IMG_1987_c008,truffle_pistachio,Pistachio,3,IMG_1987.jpg,/homes/mxqasim/Chocolathon/data/chocolates/frozen/chocolate_dataset_v1/images/accepted/truffle_pistachio/IMG_1987_c008.jpg,/homes/mxqasim/Chocolathon/data/synthetic_slots/v1/donor_foregrounds/truffle_pistachio/IMG_1987_c008.png,0.682119,0.135045,0.711296,,accept,
IMG_1987_c014,truffle_pistachio,Pistachio,4,IMG_1987.jpg,/homes/mxqasim/Chocolathon/data/chocolates/frozen/chocolate_dataset_v1/images/accepted/truffle_pistachio/IMG_1987_c014.jpg,/homes/mxqasim/Chocolathon/data/synthetic_slots/v1/donor_foregrounds/truffle_pistachio/IMG_1987_c014.png,0.620117,0.102679,0.59104,,accept,
IMG_1987_c012,truffle_pistachio,Pistachio,5,IMG_1987.jpg,/homes/mxqasim/Chocolathon/data/chocolates/frozen/chocolate_dataset_v1/images/accepted/truffle_pistachio/IMG_1987_c012.jpg,/homes/mxqasim/Chocolathon/data/synthetic_slots/v1/donor_foregrounds/truffle_pistachio/IMG_1987_c012.png,0.677675,0.282366,0.681362,touches_border,accept,
IMG_1963_c005,truffle_pumpkin_spice_latte,Pumpkin Spice Latte,1,IMG_1963.jpg,/homes/mxqasim/Chocolathon/data/chocolates/frozen/chocolate_dataset_v1/images/accepted/truffle_pumpkin_spice_latte/IMG_1963_c005.jpg,/homes/mxqasim/Chocolathon/data/synthetic_slots/v1/donor_foregrounds/truffle_pumpkin_spice_latte/IMG_1963_c005.png,0.67893,0.225446,0.666215,touches_border,accept,
IMG_1963_c011,truffle_pumpkin_spice_latte,Pumpkin Spice Latte,2,IMG_1963.jpg,/homes/mxqasim/Chocolathon/data/chocolates/frozen/chocolate_dataset_v1/images/accepted/truffle_pumpkin_spice_latte/IMG_1963_c011.jpg,/homes/mxqasim/Chocolathon/data/synthetic_slots/v1/donor_foregrounds/truffle_pumpkin_spice_latte/IMG_1963_c011.png,0.587133,0.051339,0.599131,,accept,
IMG_1963_c018,truffle_pumpkin_spice_latte,Pumpkin Spice Latte,3,IMG_1963.jpg,/homes/mxqasim/Chocolathon/data/chocolates/frozen/chocolate_dataset_v1/images/accepted/truffle_pumpkin_spice_latte/IMG_1963_c018.jpg,/homes/mxqasim/Chocolathon/data/synthetic_slots/v1/donor_foregrounds/truffle_pumpkin_spice_latte/IMG_1963_c018.png,0.644312,0.148438,0.656748,,accept,
IMG_1963_c010,truffle_pumpkin_spice_latte,Pumpkin Spice Latte,4,IMG_1963.jpg,/homes/mxqasim/Chocolathon/data/chocolates/frozen/chocolate_dataset_v1/images/accepted/truffle_pumpkin_spice_latte/IMG_1963_c010.jpg,/homes/mxqasim/Chocolathon/data/synthetic_slots/v1/donor_foregrounds/truffle_pumpkin_spice_latte/IMG_1963_c010.png,0.670619,0.196429,0.638034,touches_border,accept,
IMG_1963_c012,truffle_pumpkin_spice_latte,Pumpkin Spice Latte,5,IMG_1963.jpg,/homes/mxqasim/Chocolathon/data/chocolates/frozen/chocolate_dataset_v1/images/accepted/truffle_pumpkin_spice_latte/IMG_1963_c012.jpg,/homes/mxqasim/Chocolathon/data/synthetic_slots/v1/donor_foregrounds/truffle_pumpkin_spice_latte/IMG_1963_c012.png,0.634945,0.15067,0.631557,touches_border,accept,
IMG_1969_c002,truffle_raspberry,Raspberry,1,IMG_1969.jpg,/homes/mxqasim/Chocolathon/data/chocolates/frozen/chocolate_dataset_v1/images/accepted/truffle_raspberry/IMG_1969_c002.jpg,/homes/mxqasim/Chocolathon/data/synthetic_slots/v1/donor_foregrounds/truffle_raspberry/IMG_1969_c002.png,0.647282,0.294643,0.663564,touches_border,accept,
IMG_1969_c003,truffle_raspberry,Raspberry,2,IMG_1969.jpg,/homes/mxqasim/Chocolathon/data/chocolates/frozen/chocolate_dataset_v1/images/accepted/truffle_raspberry/IMG_1969_c003.jpg,/homes/mxqasim/Chocolathon/data/synthetic_slots/v1/donor_foregrounds/truffle_raspberry/IMG_1969_c003.png,0.589565,0.13058,0.662349,,accept,
IMG_1969_c012,truffle_raspberry,Raspberry,3,IMG_1969.jpg,/homes/mxqasim/Chocolathon/data/chocolates/frozen/chocolate_dataset_v1/images/accepted/truffle_raspberry/IMG_1969_c012.jpg,/homes/mxqasim/Chocolathon/data/synthetic_slots/v1/donor_foregrounds/truffle_raspberry/IMG_1969_c012.png,0.562062,0.212054,0.582549,touches_border,accept,
IMG_1969_c022,truffle_raspberry,Raspberry,4,IMG_1969.jpg,/homes/mxqasim/Chocolathon/data/chocolates/frozen/chocolate_dataset_v1/images/accepted/truffle_raspberry/IMG_1969_c022.jpg,/homes/mxqasim/Chocolathon/data/synthetic_slots/v1/donor_foregrounds/truffle_raspberry/IMG_1969_c022.png,0.738022,0.283482,0.746253,touches_border,accept,
IMG_1969_c016,truffle_raspberry,Raspberry,5,IMG_1969.jpg,/homes/mxqasim/Chocolathon/data/chocolates/frozen/chocolate_dataset_v1/images/accepted/truffle_raspberry/IMG_1969_c016.jpg,/homes/mxqasim/Chocolathon/data/synthetic_slots/v1/donor_foregrounds/truffle_raspberry/IMG_1969_c016.png,0.688835,0.101562,0.74986,,accept,
IMG_1971_c005,truffle_s_mores,S'mores,1,IMG_1971.jpg,/homes/mxqasim/Chocolathon/data/chocolates/frozen/chocolate_dataset_v1/images/accepted/truffle_s_mores/IMG_1971_c005.jpg,/homes/mxqasim/Chocolathon/data/synthetic_slots/v1/donor_foregrounds/truffle_s_mores/IMG_1971_c005.png,0.719248,0.300223,0.720882,touches_border,reject,another chocolate's slight body is visible
IMG_1971_c019,truffle_s_mores,S'mores,2,IMG_1971.jpg,/homes/mxqasim/Chocolathon/data/chocolates/frozen/chocolate_dataset_v1/images/accepted/truffle_s_mores/IMG_1971_c019.jpg,/homes/mxqasim/Chocolathon/data/synthetic_slots/v1/donor_foregrounds/truffle_s_mores/IMG_1971_c019.png,0.512675,0.328125,0.445153,touches_border,accept,
IMG_1971_c011,truffle_s_mores,S'mores,3,IMG_1971.jpg,/homes/mxqasim/Chocolathon/data/chocolates/frozen/chocolate_dataset_v1/images/accepted/truffle_s_mores/IMG_1971_c011.jpg,/homes/mxqasim/Chocolathon/data/synthetic_slots/v1/donor_foregrounds/truffle_s_mores/IMG_1971_c011.png,0.227101,0.174107,0.296197,touches_border,reject,not full body captured
IMG_1971_c024,truffle_s_mores,S'mores,4,IMG_1971.jpg,/homes/mxqasim/Chocolathon/data/chocolates/frozen/chocolate_dataset_v1/images/accepted/truffle_s_mores/IMG_1971_c024.jpg,/homes/mxqasim/Chocolathon/data/synthetic_slots/v1/donor_foregrounds/truffle_s_mores/IMG_1971_c024.png,0.625837,0.329241,0.615274,touches_border,accept,
IMG_1971_c006,truffle_s_mores,S'mores,5,IMG_1971.jpg,/homes/mxqasim/Chocolathon/data/chocolates/frozen/chocolate_dataset_v1/images/accepted/truffle_s_mores/IMG_1971_c006.jpg,/homes/mxqasim/Chocolathon/data/synthetic_slots/v1/donor_foregrounds/truffle_s_mores/IMG_1971_c006.png,0.423051,0.0,0.405672,,reject,not full body captured
IMG_1967_c004,truffle_salted_caramel,Salted Caramel,1,IMG_1967.jpg,/homes/mxqasim/Chocolathon/data/chocolates/frozen/chocolate_dataset_v1/images/accepted/truffle_salted_caramel/IMG_1967_c004.jpg,/homes/mxqasim/Chocolathon/data/synthetic_slots/v1/donor_foregrounds/truffle_salted_caramel/IMG_1967_c004.png,0.58526,0.120536,0.600626,,accept,
IMG_1967_c001,truffle_salted_caramel,Salted Caramel,2,IMG_1967.jpg,/homes/mxqasim/Chocolathon/data/chocolates/frozen/chocolate_dataset_v1/images/accepted/truffle_salted_caramel/IMG_1967_c001.jpg,/homes/mxqasim/Chocolathon/data/synthetic_slots/v1/donor_foregrounds/truffle_salted_caramel/IMG_1967_c001.png,0.613202,0.299107,0.623724,touches_border,accept,
IMG_1967_c002,truffle_salted_caramel,Salted Caramel,3,IMG_1967.jpg,/homes/mxqasim/Chocolathon/data/chocolates/frozen/chocolate_dataset_v1/images/accepted/truffle_salted_caramel/IMG_1967_c002.jpg,/homes/mxqasim/Chocolathon/data/synthetic_slots/v1/donor_foregrounds/truffle_salted_caramel/IMG_1967_c002.png,0.619161,0.253348,0.644053,touches_border,accept,
IMG_1967_c005,truffle_salted_caramel,Salted Caramel,4,IMG_1967.jpg,/homes/mxqasim/Chocolathon/data/chocolates/frozen/chocolate_dataset_v1/images/accepted/truffle_salted_caramel/IMG_1967_c005.jpg,/homes/mxqasim/Chocolathon/data/synthetic_slots/v1/donor_foregrounds/truffle_salted_caramel/IMG_1967_c005.png,0.562301,0.226562,0.568638,touches_border,accept,
IMG_1967_c003,truffle_salted_caramel,Salted Caramel,5,IMG_1967.jpg,/homes/mxqasim/Chocolathon/data/chocolates/frozen/chocolate_dataset_v1/images/accepted/truffle_salted_caramel/IMG_1967_c003.jpg,/homes/mxqasim/Chocolathon/data/synthetic_slots/v1/donor_foregrounds/truffle_salted_caramel/IMG_1967_c003.png,0.534558,0.219866,0.534678,touches_border,accept,
IMG_1990_c010,truffle_strawberry_shortcake,Strawberry Shortcake,1,IMG_1990.jpg,/homes/mxqasim/Chocolathon/data/chocolates/frozen/chocolate_dataset_v1/images/accepted/truffle_strawberry_shortcake/IMG_1990_c010.jpg,/homes/mxqasim/Chocolathon/data/synthetic_slots/v1/donor_foregrounds/truffle_strawberry_shortcake/IMG_1990_c010.png,0.658901,0.277902,0.658622,touches_border,accept,
IMG_1990_c011,truffle_strawberry_shortcake,Strawberry Shortcake,2,IMG_1990.jpg,/homes/mxqasim/Chocolathon/data/chocolates/frozen/chocolate_dataset_v1/images/accepted/truffle_strawberry_shortcake/IMG_1990_c011.jpg,/homes/mxqasim/Chocolathon/data/synthetic_slots/v1/donor_foregrounds/truffle_strawberry_shortcake/IMG_1990_c011.png,0.529735,0.231027,0.543088,touches_border,accept,
IMG_1990_c014,truffle_strawberry_shortcake,Strawberry Shortcake,3,IMG_1990.jpg,/homes/mxqasim/Chocolathon/data/chocolates/frozen/chocolate_dataset_v1/images/accepted/truffle_strawberry_shortcake/IMG_1990_c014.jpg,/homes/mxqasim/Chocolathon/data/synthetic_slots/v1/donor_foregrounds/truffle_strawberry_shortcake/IMG_1990_c014.png,0.688198,0.13058,0.71301,,accept,
IMG_1990_c015,truffle_strawberry_shortcake,Strawberry Shortcake,4,IMG_1990.jpg,/homes/mxqasim/Chocolathon/data/chocolates/frozen/chocolate_dataset_v1/images/accepted/truffle_strawberry_shortcake/IMG_1990_c015.jpg,/homes/mxqasim/Chocolathon/data/synthetic_slots/v1/donor_foregrounds/truffle_strawberry_shortcake/IMG_1990_c015.png,0.637655,0.254464,0.657286,touches_border,accept,
IMG_1990_c018,truffle_strawberry_shortcake,Strawberry Shortcake,5,IMG_1990.jpg,/homes/mxqasim/Chocolathon/data/chocolates/frozen/chocolate_dataset_v1/images/accepted/truffle_strawberry_shortcake/IMG_1990_c018.jpg,/homes/mxqasim/Chocolathon/data/synthetic_slots/v1/donor_foregrounds/truffle_strawberry_shortcake/IMG_1990_c018.png,0.739338,0.131696,0.759467,,accept,
IMG_1959_c003,truffle_tea_honey,Tea & Honey,1,IMG_1959.jpg,/homes/mxqasim/Chocolathon/data/chocolates/frozen/chocolate_dataset_v1/images/accepted/truffle_tea_honey/IMG_1959_c003.jpg,/homes/mxqasim/Chocolathon/data/synthetic_slots/v1/donor_foregrounds/truffle_tea_honey/IMG_1959_c003.png,0.586316,0.294643,0.588229,touches_border,accept,
IMG_1959_c004,truffle_tea_honey,Tea & Honey,2,IMG_1959.jpg,/homes/mxqasim/Chocolathon/data/chocolates/frozen/chocolate_dataset_v1/images/accepted/truffle_tea_honey/IMG_1959_c004.jpg,/homes/mxqasim/Chocolathon/data/synthetic_slots/v1/donor_foregrounds/truffle_tea_honey/IMG_1959_c004.png,0.580257,0.27567,0.5455,touches_border,accept,
IMG_1959_c020,truffle_tea_honey,Tea & Honey,3,IMG_1959.jpg,/homes/mxqasim/Chocolathon/data/chocolates/frozen/chocolate_dataset_v1/images/accepted/truffle_tea_honey/IMG_1959_c020.jpg,/homes/mxqasim/Chocolathon/data/synthetic_slots/v1/donor_foregrounds/truffle_tea_honey/IMG_1959_c020.png,0.619519,0.101562,0.596421,,accept,
IMG_1959_c002,truffle_tea_honey,Tea & Honey,4,IMG_1959.jpg,/homes/mxqasim/Chocolathon/data/chocolates/frozen/chocolate_dataset_v1/images/accepted/truffle_tea_honey/IMG_1959_c002.jpg,/homes/mxqasim/Chocolathon/data/synthetic_slots/v1/donor_foregrounds/truffle_tea_honey/IMG_1959_c002.png,0.51975,0.220982,0.402164,touches_border,accept,
IMG_1959_c016,truffle_tea_honey,Tea & Honey,5,IMG_1959.jpg,/homes/mxqasim/Chocolathon/data/chocolates/frozen/chocolate_dataset_v1/images/accepted/truffle_tea_honey/IMG_1959_c016.jpg,/homes/mxqasim/Chocolathon/data/synthetic_slots/v1/donor_foregrounds/truffle_tea_honey/IMG_1959_c016.png,0.654775,0.313616,0.66474,touches_border,accept,
IMG_1968_c007,truffle_turtle,Turtle,1,IMG_1968.jpg,/homes/mxqasim/Chocolathon/data/chocolates/frozen/chocolate_dataset_v1/images/accepted/truffle_turtle/IMG_1968_c007.jpg,/homes/mxqasim/Chocolathon/data/synthetic_slots/v1/donor_foregrounds/truffle_turtle/IMG_1968_c007.png,0.702547,0.1875,0.795301,touches_border,accept,
IMG_1968_c021,truffle_turtle,Turtle,2,IMG_1968.jpg,/homes/mxqasim/Chocolathon/data/chocolates/frozen/chocolate_dataset_v1/images/accepted/truffle_turtle/IMG_1968_c021.jpg,/homes/mxqasim/Chocolathon/data/synthetic_slots/v1/donor_foregrounds/truffle_turtle/IMG_1968_c021.png,0.590202,0.257812,0.553033,touches_border,accept,
IMG_1968_c004,truffle_turtle,Turtle,3,IMG_1968.jpg,/homes/mxqasim/Chocolathon/data/chocolates/frozen/chocolate_dataset_v1/images/accepted/truffle_turtle/IMG_1968_c004.jpg,/homes/mxqasim/Chocolathon/data/synthetic_slots/v1/donor_foregrounds/truffle_turtle/IMG_1968_c004.png,0.652463,0.171875,0.712253,touches_border,accept,
IMG_1968_c017,truffle_turtle,Turtle,4,IMG_1968.jpg,/homes/mxqasim/Chocolathon/data/chocolates/frozen/chocolate_dataset_v1/images/accepted/truffle_turtle/IMG_1968_c017.jpg,/homes/mxqasim/Chocolathon/data/synthetic_slots/v1/donor_foregrounds/truffle_turtle/IMG_1968_c017.png,0.571628,0.232143,0.605588,touches_border,accept,
IMG_1968_c005,truffle_turtle,Turtle,5,IMG_1968.jpg,/homes/mxqasim/Chocolathon/data/chocolates/frozen/chocolate_dataset_v1/images/accepted/truffle_turtle/IMG_1968_c005.jpg,/homes/mxqasim/Chocolathon/data/synthetic_slots/v1/donor_foregrounds/truffle_turtle/IMG_1968_c005.png,0.677714,0.206473,0.703563,touches_border,accept,
IMG_1984_c003,cocoashot_bourbon,Bourbon,6,IMG_1984.jpg,,data/synthetic_slots/v1/donor_foregrounds/cocoashot_bourbon/IMG_1984_c003.png,0.5343989158163265,0.10044642857142858,0.021065848214285716,none,accept,
IMG_1984_c002,cocoashot_bourbon,Bourbon,6,IMG_1984.jpg,,data/synthetic_slots/v1/donor_foregrounds/cocoashot_bourbon/IMG_1984_c002.png,0.3009008290816326,0.0078125,0.1788703762755102,none,reject,still not covering full part got overlapped by other
IMG_1979_c008,cocoashot_bourbon,Bourbon,6,IMG_1979.jpg,,data/synthetic_slots/v1/donor_foregrounds/cocoashot_bourbon/IMG_1979_c008.png,0.12169164540816327,0.0,0.08384486607142858,too_small,reject,still only golden one captured
IMG_1984_c010,cocoashot_bourbon,Bourbon,6,IMG_1984.jpg,,data/synthetic_slots/v1/donor_foregrounds/cocoashot_bourbon/IMG_1984_c010.png,0.6580835459183674,0.15848214285714285,0.020547672193877552,touches_border,accept,
IMG_1979_c005,cocoashot_bourbon,Bourbon,6,IMG_1979.jpg,,data/synthetic_slots/v1/donor_foregrounds/cocoashot_bourbon/IMG_1979_c005.png,0.1080795599489796,0.03571428571428571,0.29259008290816324,too_small,reject,only upper golden captured
IMG_1979_c018,cocoashot_bourbon,Bourbon,6,IMG_1979.jpg,,data/synthetic_slots/v1/donor_foregrounds/cocoashot_bourbon/IMG_1979_c018.png,0.8558474170918368,0.3627232142857143,0.020089285714285716,too_large,accept,
IMG_1971_c007,truffle_s_mores,S'mores,6,IMG_1971.jpg,,data/synthetic_slots/v1/donor_foregrounds/truffle_s_mores/IMG_1971_c007.png,0.6691246811224489,0.05022321428571429,0.26265545280612246,none,accept,
IMG_1985_c015,truffle_s_mores,S'mores,6,IMG_1985.jpg,,data/synthetic_slots/v1/donor_foregrounds/truffle_s_mores/IMG_1985_c015.png,0.5488480548469388,0.33482142857142855,0.023377710459183673,touches_border,accept,
IMG_1971_c015,truffle_s_mores,S'mores,6,IMG_1971.jpg,,data/synthetic_slots/v1/donor_foregrounds/truffle_s_mores/IMG_1971_c015.png,0.2004344706632653,0.0234375,0.01917251275510204,none,accept,
IMG_1971_c008,truffle_s_mores,S'mores,6,IMG_1971.jpg,,data/synthetic_slots/v1/donor_foregrounds/truffle_s_mores/IMG_1971_c008.png,0.44314014668367346,0.13169642857142858,0.07977917729591837,none,accept,
IMG_1985_c014,truffle_s_mores,S'mores,6,IMG_1985.jpg,,data/synthetic_slots/v1/donor_foregrounds/truffle_s_mores/IMG_1985_c014.png,0.5075932716836735,0.25223214285714285,0.016741071428571428,touches_border,accept,
IMG_1985_c017,truffle_s_mores,S'mores,6,IMG_1985.jpg,,data/synthetic_slots/v1/donor_foregrounds/truffle_s_mores/IMG_1985_c017.png,0.7543247767857143,0.46986607142857145,0.17506377551020408,too_large,reject,slight right side chocolate is showing
