slot_file,slot_path,source_file,box_size,row,column,center_x,center_y,label,grid_annotation
IMG_2019_r01_c01.jpg,/homes/mxqasim/Chocolathon/data/boxes/slots/empty/6/IMG_2019_r01_c01.jpg,IMG_2019.jpg,6,1,1,85.0,174.0,empty,/homes/mxqasim/Chocolathon/data/boxes/grid_annotations/IMG_2019.json
IMG_2019_r01_c02.jpg,/homes/mxqasim/Chocolathon/data/boxes/slots/empty/6/IMG_2019_r01_c02.jpg,IMG_2019.jpg,6,1,2,299.0,178.0,empty,/homes/mxqasim/Chocolathon/data/boxes/grid_annotations/IMG_2019.json
IMG_2019_r02_c01.jpg,/homes/mxqasim/Chocolathon/data/boxes/slots/empty/6/IMG_2019_r02_c01.jpg,IMG_2019.jpg,6,2,1,90.0,387.5,empty,/homes/mxqasim/Chocolathon/data/boxes/grid_annotations/IMG_2019.json
IMG_2019_r02_c02.jpg,/homes/mxqasim/Chocolathon/data/boxes/slots/empty/6/IMG_2019_r02_c02.jpg,IMG_2019.jpg,6,2,2,299.5,389.0,empty,/homes/mxqasim/Chocolathon/data/boxes/grid_annotations/IMG_2019.json
IMG_2019_r03_c01.jpg,/homes/mxqasim/Chocolathon/data/boxes/slots/empty/6/IMG_2019_r03_c01.jpg,IMG_2019.jpg,6,3,1,95.0,601.0,empty,/homes/mxqasim/Chocolathon/data/boxes/grid_annotations/IMG_2019.json
IMG_2019_r03_c02.jpg,/homes/mxqasim/Chocolathon/data/boxes/slots/empty/6/IMG_2019_r03_c02.jpg,IMG_2019.jpg,6,3,2,300.0,600.0,empty,/homes/mxqasim/Chocolathon/data/boxes/grid_annotations/IMG_2019.json
IMG_2020_r01_c01.jpg,/homes/mxqasim/Chocolathon/data/boxes/slots/empty/6/IMG_2020_r01_c01.jpg,IMG_2020.jpg,6,1,1,142.0,195.0,empty,/homes/mxqasim/Chocolathon/data/boxes/grid_annotations/IMG_2020.json
IMG_2020_r01_c02.jpg,/homes/mxqasim/Chocolathon/data/boxes/slots/empty/6/IMG_2020_r01_c02.jpg,IMG_2020.jpg,6,1,2,370.0,191.0,empty,/homes/mxqasim/Chocolathon/data/boxes/grid_annotations/IMG_2020.json
IMG_2020_r02_c01.jpg,/homes/mxqasim/Chocolathon/data/boxes/slots/empty/6/IMG_2020_r02_c01.jpg,IMG_2020.jpg,6,2,1,143.5,409.5,empty,/homes/mxqasim/Chocolathon/data/boxes/grid_annotations/IMG_2020.json
IMG_2020_r02_c02.jpg,/homes/mxqasim/Chocolathon/data/boxes/slots/empty/6/IMG_2020_r02_c02.jpg,IMG_2020.jpg,6,2,2,364.0,411.0,empty,/homes/mxqasim/Chocolathon/data/boxes/grid_annotations/IMG_2020.json
IMG_2020_r03_c01.jpg,/homes/mxqasim/Chocolathon/data/boxes/slots/empty/6/IMG_2020_r03_c01.jpg,IMG_2020.jpg,6,3,1,145.0,624.0,empty,/homes/mxqasim/Chocolathon/data/boxes/grid_annotations/IMG_2020.json
IMG_2020_r03_c02.jpg,/homes/mxqasim/Chocolathon/data/boxes/slots/empty/6/IMG_2020_r03_c02.jpg,IMG_2020.jpg,6,3,2,358.0,631.0,empty,/homes/mxqasim/Chocolathon/data/boxes/grid_annotations/IMG_2020.json
IMG_2021_r01_c01.jpg,/homes/mxqasim/Chocolathon/data/boxes/slots/empty/6/IMG_2021_r01_c01.jpg,IMG_2021.jpg,6,1,1,108.0,174.0,empty,/homes/mxqasim/Chocolathon/data/boxes/grid_annotations/IMG_2021.json
IMG_2021_r01_c02.jpg,/homes/mxqasim/Chocolathon/data/boxes/slots/empty/6/IMG_2021_r01_c02.jpg,IMG_2021.jpg,6,1,2,337.0,174.0,empty,/homes/mxqasim/Chocolathon/data/boxes/grid_annotations/IMG_2021.json
IMG_2021_r02_c01.jpg,/homes/mxqasim/Chocolathon/data/boxes/slots/empty/6/IMG_2021_r02_c01.jpg,IMG_2021.jpg,6,2,1,110.0,388.0,empty,/homes/mxqasim/Chocolathon/data/boxes/grid_annotations/IMG_2021.json
IMG_2021_r02_c02.jpg,/homes/mxqasim/Chocolathon/data/boxes/slots/empty/6/IMG_2021_r02_c02.jpg,IMG_2021.jpg,6,2,2,336.5,390.0,empty,/homes/mxqasim/Chocolathon/data/boxes/grid_annotations/IMG_2021.json
IMG_2021_r03_c01.jpg,/homes/mxqasim/Chocolathon/data/boxes/slots/empty/6/IMG_2021_r03_c01.jpg,IMG_2021.jpg,6,3,1,112.0,602.0,empty,/homes/mxqasim/Chocolathon/data/boxes/grid_annotations/IMG_2021.json
IMG_2021_r03_c02.jpg,/homes/mxqasim/Chocolathon/data/boxes/slots/empty/6/IMG_2021_r03_c02.jpg,IMG_2021.jpg,6,3,2,336.0,606.0,empty,/homes/mxqasim/Chocolathon/data/boxes/grid_annotations/IMG_2021.json
IMG_2022_r01_c01.jpg,/homes/mxqasim/Chocolathon/data/boxes/slots/empty/16/IMG_2022_r01_c01.jpg,IMG_2022.jpg,16,1,1,194.56,190.17,empty,/homes/mxqasim/Chocolathon/data/boxes/grid_annotations/IMG_2022.json
IMG_2022_r01_c02.jpg,/homes/mxqasim/Chocolathon/data/boxes/slots/empty/16/IMG_2022_r01_c02.jpg,IMG_2022.jpg,16,1,2,419.84,193.1,empty,/homes/mxqasim/Chocolathon/data/boxes/grid_annotations/IMG_2022.json
IMG_2022_r01_c03.jpg,/homes/mxqasim/Chocolathon/data/boxes/slots/empty/16/IMG_2022_r01_c03.jpg,IMG_2022.jpg,16,1,3,645.12,196.02,empty,/homes/mxqasim/Chocolathon/data/boxes/grid_annotations/IMG_2022.json
IMG_2022_r01_c04.jpg,/homes/mxqasim/Chocolathon/data/boxes/slots/empty/16/IMG_2022_r01_c04.jpg,IMG_2022.jpg,16,1,4,870.4,198.95,empty,/homes/mxqasim/Chocolathon/data/boxes/grid_annotations/IMG_2022.json
IMG_2022_r02_c01.jpg,/homes/mxqasim/Chocolathon/data/boxes/slots/empty/16/IMG_2022_r02_c01.jpg,IMG_2022.jpg,16,2,1,186.27,416.43,empty,/homes/mxqasim/Chocolathon/data/boxes/grid_annotations/IMG_2022.json
IMG_2022_r02_c02.jpg,/homes/mxqasim/Chocolathon/data/boxes/slots/empty/16/IMG_2022_r02_c02.jpg,IMG_2022.jpg,16,2,2,414.15,420.82,empty,/homes/mxqasim/Chocolathon/data/boxes/grid_annotations/IMG_2022.json
IMG_2022_r02_c03.jpg,/homes/mxqasim/Chocolathon/data/boxes/slots/empty/16/IMG_2022_r02_c03.jpg,IMG_2022.jpg,16,2,3,642.03,425.2,empty,/homes/mxqasim/Chocolathon/data/boxes/grid_annotations/IMG_2022.json
IMG_2022_r02_c04.jpg,/homes/mxqasim/Chocolathon/data/boxes/slots/empty/16/IMG_2022_r02_c04.jpg,IMG_2022.jpg,16,2,4,869.91,429.59,empty,/homes/mxqasim/Chocolathon/data/boxes/grid_annotations/IMG_2022.json
IMG_2022_r03_c01.jpg,/homes/mxqasim/Chocolathon/data/boxes/slots/empty/16/IMG_2022_r03_c01.jpg,IMG_2022.jpg,16,3,1,177.98,642.68,empty,/homes/mxqasim/Chocolathon/data/boxes/grid_annotations/IMG_2022.json
IMG_2022_r03_c02.jpg,/homes/mxqasim/Chocolathon/data/boxes/slots/empty/16/IMG_2022_r03_c02.jpg,IMG_2022.jpg,16,3,2,408.46,648.53,empty,/homes/mxqasim/Chocolathon/data/boxes/grid_annotations/IMG_2022.json
IMG_2022_r03_c03.jpg,/homes/mxqasim/Chocolathon/data/boxes/slots/empty/16/IMG_2022_r03_c03.jpg,IMG_2022.jpg,16,3,3,638.94,654.39,empty,/homes/mxqasim/Chocolathon/data/boxes/grid_annotations/IMG_2022.json
IMG_2022_r03_c04.jpg,/homes/mxqasim/Chocolathon/data/boxes/slots/empty/16/IMG_2022_r03_c04.jpg,IMG_2022.jpg,16,3,4,869.43,660.24,empty,/homes/mxqasim/Chocolathon/data/boxes/grid_annotations/IMG_2022.json
IMG_2022_r04_c01.jpg,/homes/mxqasim/Chocolathon/data/boxes/slots/empty/16/IMG_2022_r04_c01.jpg,IMG_2022.jpg,16,4,1,169.69,868.94,empty,/homes/mxqasim/Chocolathon/data/boxes/grid_annotations/IMG_2022.json
IMG_2022_r04_c02.jpg,/homes/mxqasim/Chocolathon/data/boxes/slots/empty/16/IMG_2022_r04_c02.jpg,IMG_2022.jpg,16,4,2,402.77,876.25,empty,/homes/mxqasim/Chocolathon/data/boxes/grid_annotations/IMG_2022.json
IMG_2022_r04_c03.jpg,/homes/mxqasim/Chocolathon/data/boxes/slots/empty/16/IMG_2022_r04_c03.jpg,IMG_2022.jpg,16,4,3,635.86,883.57,empty,/homes/mxqasim/Chocolathon/data/boxes/grid_annotations/IMG_2022.json
IMG_2022_r04_c04.jpg,/homes/mxqasim/Chocolathon/data/boxes/slots/empty/16/IMG_2022_r04_c04.jpg,IMG_2022.jpg,16,4,4,868.94,890.88,empty,/homes/mxqasim/Chocolathon/data/boxes/grid_annotations/IMG_2022.json
IMG_2023_r01_c01.jpg,/homes/mxqasim/Chocolathon/data/boxes/slots/empty/16/IMG_2023_r01_c01.jpg,IMG_2023.jpg,16,1,1,191.63,182.86,empty,/homes/mxqasim/Chocolathon/data/boxes/grid_annotations/IMG_2023.json
IMG_2023_r01_c02.jpg,/homes/mxqasim/Chocolathon/data/boxes/slots/empty/16/IMG_2023_r01_c02.jpg,IMG_2023.jpg,16,1,2,420.81,181.88,empty,/homes/mxqasim/Chocolathon/data/boxes/grid_annotations/IMG_2023.json
IMG_2023_r01_c03.jpg,/homes/mxqasim/Chocolathon/data/boxes/slots/empty/16/IMG_2023_r01_c03.jpg,IMG_2023.jpg,16,1,3,650.0,180.91,empty,/homes/mxqasim/Chocolathon/data/boxes/grid_annotations/IMG_2023.json
IMG_2023_r01_c04.jpg,/homes/mxqasim/Chocolathon/data/boxes/slots/empty/16/IMG_2023_r01_c04.jpg,IMG_2023.jpg,16,1,4,879.18,179.93,empty,/homes/mxqasim/Chocolathon/data/boxes/grid_annotations/IMG_2023.json
IMG_2023_r02_c01.jpg,/homes/mxqasim/Chocolathon/data/boxes/slots/empty/16/IMG_2023_r02_c01.jpg,IMG_2023.jpg,16,2,1,190.17,411.06,empty,/homes/mxqasim/Chocolathon/data/boxes/grid_annotations/IMG_2023.json
IMG_2023_r02_c02.jpg,/homes/mxqasim/Chocolathon/data/boxes/slots/empty/16/IMG_2023_r02_c02.jpg,IMG_2023.jpg,16,2,2,419.84,411.06,empty,/homes/mxqasim/Chocolathon/data/boxes/grid_annotations/IMG_2023.json
IMG_2023_r02_c03.jpg,/homes/mxqasim/Chocolathon/data/boxes/slots/empty/16/IMG_2023_r02_c03.jpg,IMG_2023.jpg,16,2,3,649.51,411.06,empty,/homes/mxqasim/Chocolathon/data/boxes/grid_annotations/IMG_2023.json
IMG_2023_r02_c04.jpg,/homes/mxqasim/Chocolathon/data/boxes/slots/empty/16/IMG_2023_r02_c04.jpg,IMG_2023.jpg,16,2,4,879.18,411.06,empty,/homes/mxqasim/Chocolathon/data/boxes/grid_annotations/IMG_2023.json
IMG_2023_r03_c01.jpg,/homes/mxqasim/Chocolathon/data/boxes/slots/empty/16/IMG_2023_r03_c01.jpg,IMG_2023.jpg,16,3,1,188.71,639.27,empty,/homes/mxqasim/Chocolathon/data/boxes/grid_annotations/IMG_2023.json
IMG_2023_r03_c02.jpg,/homes/mxqasim/Chocolathon/data/boxes/slots/empty/16/IMG_2023_r03_c02.jpg,IMG_2023.jpg,16,3,2,418.87,640.24,empty,/homes/mxqasim/Chocolathon/data/boxes/grid_annotations/IMG_2023.json
IMG_2023_r03_c03.jpg,/homes/mxqasim/Chocolathon/data/boxes/slots/empty/16/IMG_2023_r03_c03.jpg,IMG_2023.jpg,16,3,3,649.02,641.22,empty,/homes/mxqasim/Chocolathon/data/boxes/grid_annotations/IMG_2023.json
IMG_2023_r03_c04.jpg,/homes/mxqasim/Chocolathon/data/boxes/slots/empty/16/IMG_2023_r03_c04.jpg,IMG_2023.jpg,16,3,4,879.18,642.2,empty,/homes/mxqasim/Chocolathon/data/boxes/grid_annotations/IMG_2023.json
IMG_2023_r04_c01.jpg,/homes/mxqasim/Chocolathon/data/boxes/slots/empty/16/IMG_2023_r04_c01.jpg,IMG_2023.jpg,16,4,1,187.25,867.47,empty,/homes/mxqasim/Chocolathon/data/boxes/grid_annotations/IMG_2023.json
IMG_2023_r04_c02.jpg,/homes/mxqasim/Chocolathon/data/boxes/slots/empty/16/IMG_2023_r04_c02.jpg,IMG_2023.jpg,16,4,2,417.89,869.42,empty,/homes/mxqasim/Chocolathon/data/boxes/grid_annotations/IMG_2023.json
IMG_2023_r04_c03.jpg,/homes/mxqasim/Chocolathon/data/boxes/slots/empty/16/IMG_2023_r04_c03.jpg,IMG_2023.jpg,16,4,3,648.54,871.38,empty,/homes/mxqasim/Chocolathon/data/boxes/grid_annotations/IMG_2023.json
IMG_2023_r04_c04.jpg,/homes/mxqasim/Chocolathon/data/boxes/slots/empty/16/IMG_2023_r04_c04.jpg,IMG_2023.jpg,16,4,4,879.18,873.33,empty,/homes/mxqasim/Chocolathon/data/boxes/grid_annotations/IMG_2023.json
IMG_2024_r01_c01.jpg,/homes/mxqasim/Chocolathon/data/boxes/slots/empty/16/IMG_2024_r01_c01.jpg,IMG_2024.jpg,16,1,1,100.94,179.93,empty,/homes/mxqasim/Chocolathon/data/boxes/grid_annotations/IMG_2024.json
IMG_2024_r01_c02.jpg,/homes/mxqasim/Chocolathon/data/boxes/slots/empty/16/IMG_2024_r01_c02.jpg,IMG_2024.jpg,16,1,2,332.07,181.39,empty,/homes/mxqasim/Chocolathon/data/boxes/grid_annotations/IMG_2024.json
IMG_2024_r01_c03.jpg,/homes/mxqasim/Chocolathon/data/boxes/slots/empty/16/IMG_2024_r01_c03.jpg,IMG_2024.jpg,16,1,3,563.2,182.86,empty,/homes/mxqasim/Chocolathon/data/boxes/grid_annotations/IMG_2024.json
IMG_2024_r01_c04.jpg,/homes/mxqasim/Chocolathon/data/boxes/slots/empty/16/IMG_2024_r01_c04.jpg,IMG_2024.jpg,16,1,4,794.33,184.32,empty,/homes/mxqasim/Chocolathon/data/boxes/grid_annotations/IMG_2024.json
IMG_2024_r02_c01.jpg,/homes/mxqasim/Chocolathon/data/boxes/slots/empty/16/IMG_2024_r02_c01.jpg,IMG_2024.jpg,16,2,1,99.96,405.7,empty,/homes/mxqasim/Chocolathon/data/boxes/grid_annotations/IMG_2024.json
IMG_2024_r02_c02.jpg,/homes/mxqasim/Chocolathon/data/boxes/slots/empty/16/IMG_2024_r02_c02.jpg,IMG_2024.jpg,16,2,2,330.28,407.0,empty,/homes/mxqasim/Chocolathon/data/boxes/grid_annotations/IMG_2024.json
IMG_2024_r02_c03.jpg,/homes/mxqasim/Chocolathon/data/boxes/slots/empty/16/IMG_2024_r02_c03.jpg,IMG_2024.jpg,16,2,3,560.6,408.3,empty,/homes/mxqasim/Chocolathon/data/boxes/grid_annotations/IMG_2024.json
IMG_2024_r02_c04.jpg,/homes/mxqasim/Chocolathon/data/boxes/slots/empty/16/IMG_2024_r02_c04.jpg,IMG_2024.jpg,16,2,4,790.92,409.6,empty,/homes/mxqasim/Chocolathon/data/boxes/grid_annotations/IMG_2024.json
IMG_2024_r03_c01.jpg,/homes/mxqasim/Chocolathon/data/boxes/slots/empty/16/IMG_2024_r03_c01.jpg,IMG_2024.jpg,16,3,1,98.99,631.46,empty,/homes/mxqasim/Chocolathon/data/boxes/grid_annotations/IMG_2024.json
IMG_2024_r03_c02.jpg,/homes/mxqasim/Chocolathon/data/boxes/slots/empty/16/IMG_2024_r03_c02.jpg,IMG_2024.jpg,16,3,2,328.49,632.6,empty,/homes/mxqasim/Chocolathon/data/boxes/grid_annotations/IMG_2024.json
IMG_2024_r03_c03.jpg,/homes/mxqasim/Chocolathon/data/boxes/slots/empty/16/IMG_2024_r03_c03.jpg,IMG_2024.jpg,16,3,3,558.0,633.74,empty,/homes/mxqasim/Chocolathon/data/boxes/grid_annotations/IMG_2024.json
IMG_2024_r03_c04.jpg,/homes/mxqasim/Chocolathon/data/boxes/slots/empty/16/IMG_2024_r03_c04.jpg,IMG_2024.jpg,16,3,4,787.5,634.88,empty,/homes/mxqasim/Chocolathon/data/boxes/grid_annotations/IMG_2024.json
IMG_2024_r04_c01.jpg,/homes/mxqasim/Chocolathon/data/boxes/slots/empty/16/IMG_2024_r04_c01.jpg,IMG_2024.jpg,16,4,1,98.01,857.23,empty,/homes/mxqasim/Chocolathon/data/boxes/grid_annotations/IMG_2024.json
IMG_2024_r04_c02.jpg,/homes/mxqasim/Chocolathon/data/boxes/slots/empty/16/IMG_2024_r04_c02.jpg,IMG_2024.jpg,16,4,2,326.7,858.21,empty,/homes/mxqasim/Chocolathon/data/boxes/grid_annotations/IMG_2024.json
IMG_2024_r04_c03.jpg,/homes/mxqasim/Chocolathon/data/boxes/slots/empty/16/IMG_2024_r04_c03.jpg,IMG_2024.jpg,16,4,3,555.4,859.18,empty,/homes/mxqasim/Chocolathon/data/boxes/grid_annotations/IMG_2024.json
IMG_2024_r04_c04.jpg,/homes/mxqasim/Chocolathon/data/boxes/slots/empty/16/IMG_2024_r04_c04.jpg,IMG_2024.jpg,16,4,4,784.09,860.16,empty,/homes/mxqasim/Chocolathon/data/boxes/grid_annotations/IMG_2024.json
IMG_2025_r01_c01.jpg,/homes/mxqasim/Chocolathon/data/boxes/slots/empty/16/IMG_2025_r01_c01.jpg,IMG_2025.jpg,16,1,1,115.57,190.17,empty,/homes/mxqasim/Chocolathon/data/boxes/grid_annotations/IMG_2025.json
IMG_2025_r01_c02.jpg,/homes/mxqasim/Chocolathon/data/boxes/slots/empty/16/IMG_2025_r01_c02.jpg,IMG_2025.jpg,16,1,2,337.92,192.61,empty,/homes/mxqasim/Chocolathon/data/boxes/grid_annotations/IMG_2025.json
IMG_2025_r01_c03.jpg,/homes/mxqasim/Chocolathon/data/boxes/slots/empty/16/IMG_2025_r01_c03.jpg,IMG_2025.jpg,16,1,3,560.28,195.05,empty,/homes/mxqasim/Chocolathon/data/boxes/grid_annotations/IMG_2025.json
IMG_2025_r01_c04.jpg,/homes/mxqasim/Chocolathon/data/boxes/slots/empty/16/IMG_2025_r01_c04.jpg,IMG_2025.jpg,16,1,4,782.63,197.49,empty,/homes/mxqasim/Chocolathon/data/boxes/grid_annotations/IMG_2025.json
IMG_2025_r02_c01.jpg,/homes/mxqasim/Chocolathon/data/boxes/slots/empty/16/IMG_2025_r02_c01.jpg,IMG_2025.jpg,16,2,1,108.74,408.62,empty,/homes/mxqasim/Chocolathon/data/boxes/grid_annotations/IMG_2025.json
IMG_2025_r02_c02.jpg,/homes/mxqasim/Chocolathon/data/boxes/slots/empty/16/IMG_2025_r02_c02.jpg,IMG_2025.jpg,16,2,2,333.53,410.25,empty,/homes/mxqasim/Chocolathon/data/boxes/grid_annotations/IMG_2025.json
IMG_2025_r02_c03.jpg,/homes/mxqasim/Chocolathon/data/boxes/slots/empty/16/IMG_2025_r02_c03.jpg,IMG_2025.jpg,16,2,3,558.33,411.88,empty,/homes/mxqasim/Chocolathon/data/boxes/grid_annotations/IMG_2025.json
IMG_2025_r02_c04.jpg,/homes/mxqasim/Chocolathon/data/boxes/slots/empty/16/IMG_2025_r02_c04.jpg,IMG_2025.jpg,16,2,4,783.12,413.5,empty,/homes/mxqasim/Chocolathon/data/boxes/grid_annotations/IMG_2025.json
IMG_2025_r03_c01.jpg,/homes/mxqasim/Chocolathon/data/boxes/slots/empty/16/IMG_2025_r03_c01.jpg,IMG_2025.jpg,16,3,1,101.92,627.08,empty,/homes/mxqasim/Chocolathon/data/boxes/grid_annotations/IMG_2025.json
IMG_2025_r03_c02.jpg,/homes/mxqasim/Chocolathon/data/boxes/slots/empty/16/IMG_2025_r03_c02.jpg,IMG_2025.jpg,16,3,2,329.15,627.89,empty,/homes/mxqasim/Chocolathon/data/boxes/grid_annotations/IMG_2025.json
IMG_2025_r03_c03.jpg,/homes/mxqasim/Chocolathon/data/boxes/slots/empty/16/IMG_2025_r03_c03.jpg,IMG_2025.jpg,16,3,3,556.37,628.7,empty,/homes/mxqasim/Chocolathon/data/boxes/grid_annotations/IMG_2025.json
IMG_2025_r03_c04.jpg,/homes/mxqasim/Chocolathon/data/boxes/slots/empty/16/IMG_2025_r03_c04.jpg,IMG_2025.jpg,16,3,4,783.6,629.52,empty,/homes/mxqasim/Chocolathon/data/boxes/grid_annotations/IMG_2025.json
IMG_2025_r04_c01.jpg,/homes/mxqasim/Chocolathon/data/boxes/slots/empty/16/IMG_2025_r04_c01.jpg,IMG_2025.jpg,16,4,1,95.09,845.53,empty,/homes/mxqasim/Chocolathon/data/boxes/grid_annotations/IMG_2025.json
IMG_2025_r04_c02.jpg,/homes/mxqasim/Chocolathon/data/boxes/slots/empty/16/IMG_2025_r04_c02.jpg,IMG_2025.jpg,16,4,2,324.76,845.53,empty,/homes/mxqasim/Chocolathon/data/boxes/grid_annotations/IMG_2025.json
IMG_2025_r04_c03.jpg,/homes/mxqasim/Chocolathon/data/boxes/slots/empty/16/IMG_2025_r04_c03.jpg,IMG_2025.jpg,16,4,3,554.42,845.53,empty,/homes/mxqasim/Chocolathon/data/boxes/grid_annotations/IMG_2025.json
IMG_2025_r04_c04.jpg,/homes/mxqasim/Chocolathon/data/boxes/slots/empty/16/IMG_2025_r04_c04.jpg,IMG_2025.jpg,16,4,4,784.09,845.53,empty,/homes/mxqasim/Chocolathon/data/boxes/grid_annotations/IMG_2025.json
IMG_2026_r01_c01.jpg,/homes/mxqasim/Chocolathon/data/boxes/slots/empty/16/IMG_2026_r01_c01.jpg,IMG_2026.jpg,16,1,1,111.18,172.62,empty,/homes/mxqasim/Chocolathon/data/boxes/grid_annotations/IMG_2026.json
IMG_2026_r01_c02.jpg,/homes/mxqasim/Chocolathon/data/boxes/slots/empty/16/IMG_2026_r01_c02.jpg,IMG_2026.jpg,16,1,2,342.31,175.06,empty,/homes/mxqasim/Chocolathon/data/boxes/grid_annotations/IMG_2026.json
IMG_2026_r01_c03.jpg,/homes/mxqasim/Chocolathon/data/boxes/slots/empty/16/IMG_2026_r01_c03.jpg,IMG_2026.jpg,16,1,3,573.44,177.49,empty,/homes/mxqasim/Chocolathon/data/boxes/grid_annotations/IMG_2026.json
IMG_2026_r01_c04.jpg,/homes/mxqasim/Chocolathon/data/boxes/slots/empty/16/IMG_2026_r01_c04.jpg,IMG_2026.jpg,16,1,4,804.57,179.93,empty,/homes/mxqasim/Chocolathon/data/boxes/grid_annotations/IMG_2026.json
IMG_2026_r02_c01.jpg,/homes/mxqasim/Chocolathon/data/boxes/slots/empty/16/IMG_2026_r02_c01.jpg,IMG_2026.jpg,16,2,1,111.18,405.21,empty,/homes/mxqasim/Chocolathon/data/boxes/grid_annotations/IMG_2026.json
IMG_2026_r02_c02.jpg,/homes/mxqasim/Chocolathon/data/boxes/slots/empty/16/IMG_2026_r02_c02.jpg,IMG_2026.jpg,16,2,2,342.47,406.35,empty,/homes/mxqasim/Chocolathon/data/boxes/grid_annotations/IMG_2026.json
IMG_2026_r02_c03.jpg,/homes/mxqasim/Chocolathon/data/boxes/slots/empty/16/IMG_2026_r02_c03.jpg,IMG_2026.jpg,16,2,3,573.76,407.49,empty,/homes/mxqasim/Chocolathon/data/boxes/grid_annotations/IMG_2026.json
IMG_2026_r02_c04.jpg,/homes/mxqasim/Chocolathon/data/boxes/slots/empty/16/IMG_2026_r02_c04.jpg,IMG_2026.jpg,16,2,4,805.06,408.62,empty,/homes/mxqasim/Chocolathon/data/boxes/grid_annotations/IMG_2026.json
IMG_2026_r03_c01.jpg,/homes/mxqasim/Chocolathon/data/boxes/slots/empty/16/IMG_2026_r03_c01.jpg,IMG_2026.jpg,16,3,1,111.18,637.81,empty,/homes/mxqasim/Chocolathon/data/boxes/grid_annotations/IMG_2026.json
IMG_2026_r03_c02.jpg,/homes/mxqasim/Chocolathon/data/boxes/slots/empty/16/IMG_2026_r03_c02.jpg,IMG_2026.jpg,16,3,2,342.63,637.64,empty,/homes/mxqasim/Chocolathon/data/boxes/grid_annotations/IMG_2026.json
IMG_2026_r03_c03.jpg,/homes/mxqasim/Chocolathon/data/boxes/slots/empty/16/IMG_2026_r03_c03.jpg,IMG_2026.jpg,16,3,3,574.09,637.48,empty,/homes/mxqasim/Chocolathon/data/boxes/grid_annotations/IMG_2026.json
IMG_2026_r03_c04.jpg,/homes/mxqasim/Chocolathon/data/boxes/slots/empty/16/IMG_2026_r03_c04.jpg,IMG_2026.jpg,16,3,4,805.54,637.32,empty,/homes/mxqasim/Chocolathon/data/boxes/grid_annotations/IMG_2026.json
IMG_2026_r04_c01.jpg,/homes/mxqasim/Chocolathon/data/boxes/slots/empty/16/IMG_2026_r04_c01.jpg,IMG_2026.jpg,16,4,1,111.18,870.4,empty,/homes/mxqasim/Chocolathon/data/boxes/grid_annotations/IMG_2026.json
IMG_2026_r04_c02.jpg,/homes/mxqasim/Chocolathon/data/boxes/slots/empty/16/IMG_2026_r04_c02.jpg,IMG_2026.jpg,16,4,2,342.8,868.94,empty,/homes/mxqasim/Chocolathon/data/boxes/grid_annotations/IMG_2026.json
IMG_2026_r04_c03.jpg,/homes/mxqasim/Chocolathon/data/boxes/slots/empty/16/IMG_2026_r04_c03.jpg,IMG_2026.jpg,16,4,3,574.41,867.47,empty,/homes/mxqasim/Chocolathon/data/boxes/grid_annotations/IMG_2026.json
IMG_2026_r04_c04.jpg,/homes/mxqasim/Chocolathon/data/boxes/slots/empty/16/IMG_2026_r04_c04.jpg,IMG_2026.jpg,16,4,4,806.03,866.01,empty,/homes/mxqasim/Chocolathon/data/boxes/grid_annotations/IMG_2026.json
IMG_2027_r01_c01.jpg,/homes/mxqasim/Chocolathon/data/boxes/slots/empty/30/IMG_2027_r01_c01.jpg,IMG_2027.jpg,30,1,1,179.2,179.2,empty,/homes/mxqasim/Chocolathon/data/boxes/grid_annotations/IMG_2027.json
IMG_2027_r01_c02.jpg,/homes/mxqasim/Chocolathon/data/boxes/slots/empty/30/IMG_2027_r01_c02.jpg,IMG_2027.jpg,30,1,2,412.8,177.37,empty,/homes/mxqasim/Chocolathon/data/boxes/grid_annotations/IMG_2027.json
IMG_2027_r01_c03.jpg,/homes/mxqasim/Chocolathon/data/boxes/slots/empty/30/IMG_2027_r01_c03.jpg,IMG_2027.jpg,30,1,3,646.4,175.54,empty,/homes/mxqasim/Chocolathon/data/boxes/grid_annotations/IMG_2027.json
IMG_2027_r01_c04.jpg,/homes/mxqasim/Chocolathon/data/boxes/slots/empty/30/IMG_2027_r01_c04.jpg,IMG_2027.jpg,30,1,4,880.0,173.72,empty,/homes/mxqasim/Chocolathon/data/boxes/grid_annotations/IMG_2027.json
IMG_2027_r01_c05.jpg,/homes/mxqasim/Chocolathon/data/boxes/slots/empty/30/IMG_2027_r01_c05.jpg,IMG_2027.jpg,30,1,5,1113.6,171.89,empty,/homes/mxqasim/Chocolathon/data/boxes/grid_annotations/IMG_2027.json
IMG_2027_r02_c01.jpg,/homes/mxqasim/Chocolathon/data/boxes/slots/empty/30/IMG_2027_r02_c01.jpg,IMG_2027.jpg,30,2,1,180.66,416.18,empty,/homes/mxqasim/Chocolathon/data/boxes/grid_annotations/IMG_2027.json
IMG_2027_r02_c02.jpg,/homes/mxqasim/Chocolathon/data/boxes/slots/empty/30/IMG_2027_r02_c02.jpg,IMG_2027.jpg,30,2,2,414.72,414.99,empty,/homes/mxqasim/Chocolathon/data/boxes/grid_annotations/IMG_2027.json
IMG_2027_r02_c03.jpg,/homes/mxqasim/Chocolathon/data/boxes/slots/empty/30/IMG_2027_r02_c03.jpg,IMG_2027.jpg,30,2,3,648.78,413.81,empty,/homes/mxqasim/Chocolathon/data/boxes/grid_annotations/IMG_2027.json
IMG_2027_r02_c04.jpg,/homes/mxqasim/Chocolathon/data/boxes/slots/empty/30/IMG_2027_r02_c04.jpg,IMG_2027.jpg,30,2,4,882.83,412.62,empty,/homes/mxqasim/Chocolathon/data/boxes/grid_annotations/IMG_2027.json
IMG_2027_r02_c05.jpg,/homes/mxqasim/Chocolathon/data/boxes/slots/empty/30/IMG_2027_r02_c05.jpg,IMG_2027.jpg,30,2,5,1116.89,411.43,empty,/homes/mxqasim/Chocolathon/data/boxes/grid_annotations/IMG_2027.json
IMG_2027_r03_c01.jpg,/homes/mxqasim/Chocolathon/data/boxes/slots/empty/30/IMG_2027_r03_c01.jpg,IMG_2027.jpg,30,3,1,182.12,653.16,empty,/homes/mxqasim/Chocolathon/data/boxes/grid_annotations/IMG_2027.json
IMG_2027_r03_c02.jpg,/homes/mxqasim/Chocolathon/data/boxes/slots/empty/30/IMG_2027_r03_c02.jpg,IMG_2027.jpg,30,3,2,416.64,652.62,empty,/homes/mxqasim/Chocolathon/data/boxes/grid_annotations/IMG_2027.json
IMG_2027_r03_c03.jpg,/homes/mxqasim/Chocolathon/data/boxes/slots/empty/30/IMG_2027_r03_c03.jpg,IMG_2027.jpg,30,3,3,651.15,652.07,empty,/homes/mxqasim/Chocolathon/data/boxes/grid_annotations/IMG_2027.json
IMG_2027_r03_c04.jpg,/homes/mxqasim/Chocolathon/data/boxes/slots/empty/30/IMG_2027_r03_c04.jpg,IMG_2027.jpg,30,3,4,885.67,651.52,empty,/homes/mxqasim/Chocolathon/data/boxes/grid_annotations/IMG_2027.json
IMG_2027_r03_c05.jpg,/homes/mxqasim/Chocolathon/data/boxes/slots/empty/30/IMG_2027_r03_c05.jpg,IMG_2027.jpg,30,3,5,1120.18,650.97,empty,/homes/mxqasim/Chocolathon/data/boxes/grid_annotations/IMG_2027.json
IMG_2027_r04_c01.jpg,/homes/mxqasim/Chocolathon/data/boxes/slots/empty/30/IMG_2027_r04_c01.jpg,IMG_2027.jpg,30,4,1,183.59,890.15,empty,/homes/mxqasim/Chocolathon/data/boxes/grid_annotations/IMG_2027.json
IMG_2027_r04_c02.jpg,/homes/mxqasim/Chocolathon/data/boxes/slots/empty/30/IMG_2027_r04_c02.jpg,IMG_2027.jpg,30,4,2,418.56,890.24,empty,/homes/mxqasim/Chocolathon/data/boxes/grid_annotations/IMG_2027.json
IMG_2027_r04_c03.jpg,/homes/mxqasim/Chocolathon/data/boxes/slots/empty/30/IMG_2027_r04_c03.jpg,IMG_2027.jpg,30,4,3,653.53,890.33,empty,/homes/mxqasim/Chocolathon/data/boxes/grid_annotations/IMG_2027.json
IMG_2027_r04_c04.jpg,/homes/mxqasim/Chocolathon/data/boxes/slots/empty/30/IMG_2027_r04_c04.jpg,IMG_2027.jpg,30,4,4,888.5,890.42,empty,/homes/mxqasim/Chocolathon/data/boxes/grid_annotations/IMG_2027.json
IMG_2027_r04_c05.jpg,/homes/mxqasim/Chocolathon/data/boxes/slots/empty/30/IMG_2027_r04_c05.jpg,IMG_2027.jpg,30,4,5,1123.48,890.52,empty,/homes/mxqasim/Chocolathon/data/boxes/grid_annotations/IMG_2027.json
IMG_2027_r05_c01.jpg,/homes/mxqasim/Chocolathon/data/boxes/slots/empty/30/IMG_2027_r05_c01.jpg,IMG_2027.jpg,30,5,1,185.05,1127.13,empty,/homes/mxqasim/Chocolathon/data/boxes/grid_annotations/IMG_2027.json
IMG_2027_r05_c02.jpg,/homes/mxqasim/Chocolathon/data/boxes/slots/empty/30/IMG_2027_r05_c02.jpg,IMG_2027.jpg,30,5,2,420.48,1127.86,empty,/homes/mxqasim/Chocolathon/data/boxes/grid_annotations/IMG_2027.json
IMG_2027_r05_c03.jpg,/homes/mxqasim/Chocolathon/data/boxes/slots/empty/30/IMG_2027_r05_c03.jpg,IMG_2027.jpg,30,5,3,655.91,1128.59,empty,/homes/mxqasim/Chocolathon/data/boxes/grid_annotations/IMG_2027.json
IMG_2027_r05_c04.jpg,/homes/mxqasim/Chocolathon/data/boxes/slots/empty/30/IMG_2027_r05_c04.jpg,IMG_2027.jpg,30,5,4,891.34,1129.33,empty,/homes/mxqasim/Chocolathon/data/boxes/grid_annotations/IMG_2027.json
IMG_2027_r05_c05.jpg,/homes/mxqasim/Chocolathon/data/boxes/slots/empty/30/IMG_2027_r05_c05.jpg,IMG_2027.jpg,30,5,5,1126.77,1130.06,empty,/homes/mxqasim/Chocolathon/data/boxes/grid_annotations/IMG_2027.json
IMG_2027_r06_c01.jpg,/homes/mxqasim/Chocolathon/data/boxes/slots/empty/30/IMG_2027_r06_c01.jpg,IMG_2027.jpg,30,6,1,186.51,1364.11,empty,/homes/mxqasim/Chocolathon/data/boxes/grid_annotations/IMG_2027.json
IMG_2027_r06_c02.jpg,/homes/mxqasim/Chocolathon/data/boxes/slots/empty/30/IMG_2027_r06_c02.jpg,IMG_2027.jpg,30,6,2,422.4,1365.48,empty,/homes/mxqasim/Chocolathon/data/boxes/grid_annotations/IMG_2027.json
IMG_2027_r06_c03.jpg,/homes/mxqasim/Chocolathon/data/boxes/slots/empty/30/IMG_2027_r06_c03.jpg,IMG_2027.jpg,30,6,3,658.29,1366.85,empty,/homes/mxqasim/Chocolathon/data/boxes/grid_annotations/IMG_2027.json
IMG_2027_r06_c04.jpg,/homes/mxqasim/Chocolathon/data/boxes/slots/empty/30/IMG_2027_r06_c04.jpg,IMG_2027.jpg,30,6,4,894.17,1368.23,empty,/homes/mxqasim/Chocolathon/data/boxes/grid_annotations/IMG_2027.json
IMG_2027_r06_c05.jpg,/homes/mxqasim/Chocolathon/data/boxes/slots/empty/30/IMG_2027_r06_c05.jpg,IMG_2027.jpg,30,6,5,1130.06,1369.6,empty,/homes/mxqasim/Chocolathon/data/boxes/grid_annotations/IMG_2027.json
IMG_2028_r01_c01.jpg,/homes/mxqasim/Chocolathon/data/boxes/slots/empty/30/IMG_2028_r01_c01.jpg,IMG_2028.jpg,30,1,1,138.97,202.97,empty,/homes/mxqasim/Chocolathon/data/boxes/grid_annotations/IMG_2028.json
IMG_2028_r01_c02.jpg,/homes/mxqasim/Chocolathon/data/boxes/slots/empty/30/IMG_2028_r01_c02.jpg,IMG_2028.jpg,30,1,2,368.91,202.97,empty,/homes/mxqasim/Chocolathon/data/boxes/grid_annotations/IMG_2028.json
IMG_2028_r01_c03.jpg,/homes/mxqasim/Chocolathon/data/boxes/slots/empty/30/IMG_2028_r01_c03.jpg,IMG_2028.jpg,30,1,3,598.85,202.97,empty,/homes/mxqasim/Chocolathon/data/boxes/grid_annotations/IMG_2028.json
IMG_2028_r01_c04.jpg,/homes/mxqasim/Chocolathon/data/boxes/slots/empty/30/IMG_2028_r01_c04.jpg,IMG_2028.jpg,30,1,4,828.8,202.97,empty,/homes/mxqasim/Chocolathon/data/boxes/grid_annotations/IMG_2028.json
IMG_2028_r01_c05.jpg,/homes/mxqasim/Chocolathon/data/boxes/slots/empty/30/IMG_2028_r01_c05.jpg,IMG_2028.jpg,30,1,5,1058.74,202.97,empty,/homes/mxqasim/Chocolathon/data/boxes/grid_annotations/IMG_2028.json
IMG_2028_r02_c01.jpg,/homes/mxqasim/Chocolathon/data/boxes/slots/empty/30/IMG_2028_r02_c01.jpg,IMG_2028.jpg,30,2,1,140.8,427.88,empty,/homes/mxqasim/Chocolathon/data/boxes/grid_annotations/IMG_2028.json
IMG_2028_r02_c02.jpg,/homes/mxqasim/Chocolathon/data/boxes/slots/empty/30/IMG_2028_r02_c02.jpg,IMG_2028.jpg,30,2,2,369.19,428.71,empty,/homes/mxqasim/Chocolathon/data/boxes/grid_annotations/IMG_2028.json
IMG_2028_r02_c03.jpg,/homes/mxqasim/Chocolathon/data/boxes/slots/empty/30/IMG_2028_r02_c03.jpg,IMG_2028.jpg,30,2,3,597.58,429.53,empty,/homes/mxqasim/Chocolathon/data/boxes/grid_annotations/IMG_2028.json
IMG_2028_r02_c04.jpg,/homes/mxqasim/Chocolathon/data/boxes/slots/empty/30/IMG_2028_r02_c04.jpg,IMG_2028.jpg,30,2,4,825.96,430.35,empty,/homes/mxqasim/Chocolathon/data/boxes/grid_annotations/IMG_2028.json
IMG_2028_r02_c05.jpg,/homes/mxqasim/Chocolathon/data/boxes/slots/empty/30/IMG_2028_r02_c05.jpg,IMG_2028.jpg,30,2,5,1054.35,431.18,empty,/homes/mxqasim/Chocolathon/data/boxes/grid_annotations/IMG_2028.json
IMG_2028_r03_c01.jpg,/homes/mxqasim/Chocolathon/data/boxes/slots/empty/30/IMG_2028_r03_c01.jpg,IMG_2028.jpg,30,3,1,142.63,652.8,empty,/homes/mxqasim/Chocolathon/data/boxes/grid_annotations/IMG_2028.json
IMG_2028_r03_c02.jpg,/homes/mxqasim/Chocolathon/data/boxes/slots/empty/30/IMG_2028_r03_c02.jpg,IMG_2028.jpg,30,3,2,369.46,654.44,empty,/homes/mxqasim/Chocolathon/data/boxes/grid_annotations/IMG_2028.json
IMG_2028_r03_c03.jpg,/homes/mxqasim/Chocolathon/data/boxes/slots/empty/30/IMG_2028_r03_c03.jpg,IMG_2028.jpg,30,3,3,596.29,656.09,empty,/homes/mxqasim/Chocolathon/data/boxes/grid_annotations/IMG_2028.json
IMG_2028_r03_c04.jpg,/homes/mxqasim/Chocolathon/data/boxes/slots/empty/30/IMG_2028_r03_c04.jpg,IMG_2028.jpg,30,3,4,823.13,657.74,empty,/homes/mxqasim/Chocolathon/data/boxes/grid_annotations/IMG_2028.json
IMG_2028_r03_c05.jpg,/homes/mxqasim/Chocolathon/data/boxes/slots/empty/30/IMG_2028_r03_c05.jpg,IMG_2028.jpg,30,3,5,1049.96,659.38,empty,/homes/mxqasim/Chocolathon/data/boxes/grid_annotations/IMG_2028.json
IMG_2028_r04_c01.jpg,/homes/mxqasim/Chocolathon/data/boxes/slots/empty/30/IMG_2028_r04_c01.jpg,IMG_2028.jpg,30,4,1,144.45,877.71,empty,/homes/mxqasim/Chocolathon/data/boxes/grid_annotations/IMG_2028.json
IMG_2028_r04_c02.jpg,/homes/mxqasim/Chocolathon/data/boxes/slots/empty/30/IMG_2028_r04_c02.jpg,IMG_2028.jpg,30,4,2,369.73,880.18,empty,/homes/mxqasim/Chocolathon/data/boxes/grid_annotations/IMG_2028.json
IMG_2028_r04_c03.jpg,/homes/mxqasim/Chocolathon/data/boxes/slots/empty/30/IMG_2028_r04_c03.jpg,IMG_2028.jpg,30,4,3,595.02,882.65,empty,/homes/mxqasim/Chocolathon/data/boxes/grid_annotations/IMG_2028.json
IMG_2028_r04_c04.jpg,/homes/mxqasim/Chocolathon/data/boxes/slots/empty/30/IMG_2028_r04_c04.jpg,IMG_2028.jpg,30,4,4,820.3,885.12,empty,/homes/mxqasim/Chocolathon/data/boxes/grid_annotations/IMG_2028.json
IMG_2028_r04_c05.jpg,/homes/mxqasim/Chocolathon/data/boxes/slots/empty/30/IMG_2028_r04_c05.jpg,IMG_2028.jpg,30,4,5,1045.58,887.59,empty,/homes/mxqasim/Chocolathon/data/boxes/grid_annotations/IMG_2028.json
IMG_2028_r05_c01.jpg,/homes/mxqasim/Chocolathon/data/boxes/slots/empty/30/IMG_2028_r05_c01.jpg,IMG_2028.jpg,30,5,1,146.28,1102.63,empty,/homes/mxqasim/Chocolathon/data/boxes/grid_annotations/IMG_2028.json
IMG_2028_r05_c02.jpg,/homes/mxqasim/Chocolathon/data/boxes/slots/empty/30/IMG_2028_r05_c02.jpg,IMG_2028.jpg,30,5,2,370.01,1105.92,empty,/homes/mxqasim/Chocolathon/data/boxes/grid_annotations/IMG_2028.json
IMG_2028_r05_c03.jpg,/homes/mxqasim/Chocolathon/data/boxes/slots/empty/30/IMG_2028_r05_c03.jpg,IMG_2028.jpg,30,5,3,593.73,1109.21,empty,/homes/mxqasim/Chocolathon/data/boxes/grid_annotations/IMG_2028.json
IMG_2028_r05_c04.jpg,/homes/mxqasim/Chocolathon/data/boxes/slots/empty/30/IMG_2028_r05_c04.jpg,IMG_2028.jpg,30,5,4,817.46,1112.5,empty,/homes/mxqasim/Chocolathon/data/boxes/grid_annotations/IMG_2028.json
IMG_2028_r05_c05.jpg,/homes/mxqasim/Chocolathon/data/boxes/slots/empty/30/IMG_2028_r05_c05.jpg,IMG_2028.jpg,30,5,5,1041.19,1115.79,empty,/homes/mxqasim/Chocolathon/data/boxes/grid_annotations/IMG_2028.json
IMG_2028_r06_c01.jpg,/homes/mxqasim/Chocolathon/data/boxes/slots/empty/30/IMG_2028_r06_c01.jpg,IMG_2028.jpg,30,6,1,148.11,1327.54,empty,/homes/mxqasim/Chocolathon/data/boxes/grid_annotations/IMG_2028.json
IMG_2028_r06_c02.jpg,/homes/mxqasim/Chocolathon/data/boxes/slots/empty/30/IMG_2028_r06_c02.jpg,IMG_2028.jpg,30,6,2,370.28,1331.66,empty,/homes/mxqasim/Chocolathon/data/boxes/grid_annotations/IMG_2028.json
IMG_2028_r06_c03.jpg,/homes/mxqasim/Chocolathon/data/boxes/slots/empty/30/IMG_2028_r06_c03.jpg,IMG_2028.jpg,30,6,3,592.46,1335.77,empty,/homes/mxqasim/Chocolathon/data/boxes/grid_annotations/IMG_2028.json
IMG_2028_r06_c04.jpg,/homes/mxqasim/Chocolathon/data/boxes/slots/empty/30/IMG_2028_r06_c04.jpg,IMG_2028.jpg,30,6,4,814.63,1339.89,empty,/homes/mxqasim/Chocolathon/data/boxes/grid_annotations/IMG_2028.json
IMG_2028_r06_c05.jpg,/homes/mxqasim/Chocolathon/data/boxes/slots/empty/30/IMG_2028_r06_c05.jpg,IMG_2028.jpg,30,6,5,1036.8,1344.0,empty,/homes/mxqasim/Chocolathon/data/boxes/grid_annotations/IMG_2028.json
IMG_2029_r01_c01.jpg,/homes/mxqasim/Chocolathon/data/boxes/slots/empty/30/IMG_2029_r01_c01.jpg,IMG_2029.jpg,30,1,1,104.23,199.31,empty,/homes/mxqasim/Chocolathon/data/boxes/grid_annotations/IMG_2029.json
IMG_2029_r01_c02.jpg,/homes/mxqasim/Chocolathon/data/boxes/slots/empty/30/IMG_2029_r01_c02.jpg,IMG_2029.jpg,30,1,2,336.0,199.77,empty,/homes/mxqasim/Chocolathon/data/boxes/grid_annotations/IMG_2029.json
IMG_2029_r01_c03.jpg,/homes/mxqasim/Chocolathon/data/boxes/slots/empty/30/IMG_2029_r01_c03.jpg,IMG_2029.jpg,30,1,3,567.77,200.23,empty,/homes/mxqasim/Chocolathon/data/boxes/grid_annotations/IMG_2029.json
IMG_2029_r01_c04.jpg,/homes/mxqasim/Chocolathon/data/boxes/slots/empty/30/IMG_2029_r01_c04.jpg,IMG_2029.jpg,30,1,4,799.54,200.68,empty,/homes/mxqasim/Chocolathon/data/boxes/grid_annotations/IMG_2029.json
IMG_2029_r01_c05.jpg,/homes/mxqasim/Chocolathon/data/boxes/slots/empty/30/IMG_2029_r01_c05.jpg,IMG_2029.jpg,30,1,5,1031.31,201.14,empty,/homes/mxqasim/Chocolathon/data/boxes/grid_annotations/IMG_2029.json
IMG_2029_r02_c01.jpg,/homes/mxqasim/Chocolathon/data/boxes/slots/empty/30/IMG_2029_r02_c01.jpg,IMG_2029.jpg,30,2,1,107.16,427.52,empty,/homes/mxqasim/Chocolathon/data/boxes/grid_annotations/IMG_2029.json
IMG_2029_r02_c02.jpg,/homes/mxqasim/Chocolathon/data/boxes/slots/empty/30/IMG_2029_r02_c02.jpg,IMG_2029.jpg,30,2,2,337.92,427.79,empty,/homes/mxqasim/Chocolathon/data/boxes/grid_annotations/IMG_2029.json
IMG_2029_r02_c03.jpg,/homes/mxqasim/Chocolathon/data/boxes/slots/empty/30/IMG_2029_r02_c03.jpg,IMG_2029.jpg,30,2,3,568.68,428.07,empty,/homes/mxqasim/Chocolathon/data/boxes/grid_annotations/IMG_2029.json
IMG_2029_r02_c04.jpg,/homes/mxqasim/Chocolathon/data/boxes/slots/empty/30/IMG_2029_r02_c04.jpg,IMG_2029.jpg,30,2,4,799.45,428.34,empty,/homes/mxqasim/Chocolathon/data/boxes/grid_annotations/IMG_2029.json
IMG_2029_r02_c05.jpg,/homes/mxqasim/Chocolathon/data/boxes/slots/empty/30/IMG_2029_r02_c05.jpg,IMG_2029.jpg,30,2,5,1030.21,428.61,empty,/homes/mxqasim/Chocolathon/data/boxes/grid_annotations/IMG_2029.json
IMG_2029_r03_c01.jpg,/homes/mxqasim/Chocolathon/data/boxes/slots/empty/30/IMG_2029_r03_c01.jpg,IMG_2029.jpg,30,3,1,110.08,655.72,empty,/homes/mxqasim/Chocolathon/data/boxes/grid_annotations/IMG_2029.json
IMG_2029_r03_c02.jpg,/homes/mxqasim/Chocolathon/data/boxes/slots/empty/30/IMG_2029_r03_c02.jpg,IMG_2029.jpg,30,3,2,339.84,655.81,empty,/homes/mxqasim/Chocolathon/data/boxes/grid_annotations/IMG_2029.json
IMG_2029_r03_c03.jpg,/homes/mxqasim/Chocolathon/data/boxes/slots/empty/30/IMG_2029_r03_c03.jpg,IMG_2029.jpg,30,3,3,569.6,655.91,empty,/homes/mxqasim/Chocolathon/data/boxes/grid_annotations/IMG_2029.json
IMG_2029_r03_c04.jpg,/homes/mxqasim/Chocolathon/data/boxes/slots/empty/30/IMG_2029_r03_c04.jpg,IMG_2029.jpg,30,3,4,799.36,656.0,empty,/homes/mxqasim/Chocolathon/data/boxes/grid_annotations/IMG_2029.json
IMG_2029_r03_c05.jpg,/homes/mxqasim/Chocolathon/data/boxes/slots/empty/30/IMG_2029_r03_c05.jpg,IMG_2029.jpg,30,3,5,1029.12,656.09,empty,/homes/mxqasim/Chocolathon/data/boxes/grid_annotations/IMG_2029.json
IMG_2029_r04_c01.jpg,/homes/mxqasim/Chocolathon/data/boxes/slots/empty/30/IMG_2029_r04_c01.jpg,IMG_2029.jpg,30,4,1,113.01,883.93,empty,/homes/mxqasim/Chocolathon/data/boxes/grid_annotations/IMG_2029.json
IMG_2029_r04_c02.jpg,/homes/mxqasim/Chocolathon/data/boxes/slots/empty/30/IMG_2029_r04_c02.jpg,IMG_2029.jpg,30,4,2,341.76,883.84,empty,/homes/mxqasim/Chocolathon/data/boxes/grid_annotations/IMG_2029.json
IMG_2029_r04_c03.jpg,/homes/mxqasim/Chocolathon/data/boxes/slots/empty/30/IMG_2029_r04_c03.jpg,IMG_2029.jpg,30,4,3,570.52,883.75,empty,/homes/mxqasim/Chocolathon/data/boxes/grid_annotations/IMG_2029.json
IMG_2029_r04_c04.jpg,/homes/mxqasim/Chocolathon/data/boxes/slots/empty/30/IMG_2029_r04_c04.jpg,IMG_2029.jpg,30,4,4,799.27,883.65,empty,/homes/mxqasim/Chocolathon/data/boxes/grid_annotations/IMG_2029.json
IMG_2029_r04_c05.jpg,/homes/mxqasim/Chocolathon/data/boxes/slots/empty/30/IMG_2029_r04_c05.jpg,IMG_2029.jpg,30,4,5,1028.02,883.56,empty,/homes/mxqasim/Chocolathon/data/boxes/grid_annotations/IMG_2029.json
IMG_2029_r05_c01.jpg,/homes/mxqasim/Chocolathon/data/boxes/slots/empty/30/IMG_2029_r05_c01.jpg,IMG_2029.jpg,30,5,1,115.93,1112.13,empty,/homes/mxqasim/Chocolathon/data/boxes/grid_annotations/IMG_2029.json
IMG_2029_r05_c02.jpg,/homes/mxqasim/Chocolathon/data/boxes/slots/empty/30/IMG_2029_r05_c02.jpg,IMG_2029.jpg,30,5,2,343.68,1111.86,empty,/homes/mxqasim/Chocolathon/data/boxes/grid_annotations/IMG_2029.json
IMG_2029_r05_c03.jpg,/homes/mxqasim/Chocolathon/data/boxes/slots/empty/30/IMG_2029_r05_c03.jpg,IMG_2029.jpg,30,5,3,571.43,1111.59,empty,/homes/mxqasim/Chocolathon/data/boxes/grid_annotations/IMG_2029.json
IMG_2029_r05_c04.jpg,/homes/mxqasim/Chocolathon/data/boxes/slots/empty/30/IMG_2029_r05_c04.jpg,IMG_2029.jpg,30,5,4,799.18,1111.31,empty,/homes/mxqasim/Chocolathon/data/boxes/grid_annotations/IMG_2029.json
IMG_2029_r05_c05.jpg,/homes/mxqasim/Chocolathon/data/boxes/slots/empty/30/IMG_2029_r05_c05.jpg,IMG_2029.jpg,30,5,5,1026.93,1111.04,empty,/homes/mxqasim/Chocolathon/data/boxes/grid_annotations/IMG_2029.json
IMG_2029_r06_c01.jpg,/homes/mxqasim/Chocolathon/data/boxes/slots/empty/30/IMG_2029_r06_c01.jpg,IMG_2029.jpg,30,6,1,118.86,1340.34,empty,/homes/mxqasim/Chocolathon/data/boxes/grid_annotations/IMG_2029.json
IMG_2029_r06_c02.jpg,/homes/mxqasim/Chocolathon/data/boxes/slots/empty/30/IMG_2029_r06_c02.jpg,IMG_2029.jpg,30,6,2,345.6,1339.88,empty,/homes/mxqasim/Chocolathon/data/boxes/grid_annotations/IMG_2029.json
IMG_2029_r06_c03.jpg,/homes/mxqasim/Chocolathon/data/boxes/slots/empty/30/IMG_2029_r06_c03.jpg,IMG_2029.jpg,30,6,3,572.34,1339.43,empty,/homes/mxqasim/Chocolathon/data/boxes/grid_annotations/IMG_2029.json
IMG_2029_r06_c04.jpg,/homes/mxqasim/Chocolathon/data/boxes/slots/empty/30/IMG_2029_r06_c04.jpg,IMG_2029.jpg,30,6,4,799.09,1338.97,empty,/homes/mxqasim/Chocolathon/data/boxes/grid_annotations/IMG_2029.json
IMG_2029_r06_c05.jpg,/homes/mxqasim/Chocolathon/data/boxes/slots/empty/30/IMG_2029_r06_c05.jpg,IMG_2029.jpg,30,6,5,1025.83,1338.51,empty,/homes/mxqasim/Chocolathon/data/boxes/grid_annotations/IMG_2029.json
IMG_2030_r01_c01.jpg,/homes/mxqasim/Chocolathon/data/boxes/slots/empty/30/IMG_2030_r01_c01.jpg,IMG_2030.jpg,30,1,1,71.31,219.43,empty,/homes/mxqasim/Chocolathon/data/boxes/grid_annotations/IMG_2030.json
IMG_2030_r01_c02.jpg,/homes/mxqasim/Chocolathon/data/boxes/slots/empty/30/IMG_2030_r01_c02.jpg,IMG_2030.jpg,30,1,2,298.97,218.51,empty,/homes/mxqasim/Chocolathon/data/boxes/grid_annotations/IMG_2030.json
IMG_2030_r01_c03.jpg,/homes/mxqasim/Chocolathon/data/boxes/slots/empty/30/IMG_2030_r01_c03.jpg,IMG_2030.jpg,30,1,3,526.62,217.6,empty,/homes/mxqasim/Chocolathon/data/boxes/grid_annotations/IMG_2030.json
IMG_2030_r01_c04.jpg,/homes/mxqasim/Chocolathon/data/boxes/slots/empty/30/IMG_2030_r01_c04.jpg,IMG_2030.jpg,30,1,4,754.28,216.68,empty,/homes/mxqasim/Chocolathon/data/boxes/grid_annotations/IMG_2030.json
IMG_2030_r01_c05.jpg,/homes/mxqasim/Chocolathon/data/boxes/slots/empty/30/IMG_2030_r01_c05.jpg,IMG_2030.jpg,30,1,5,981.94,215.77,empty,/homes/mxqasim/Chocolathon/data/boxes/grid_annotations/IMG_2030.json
IMG_2030_r02_c01.jpg,/homes/mxqasim/Chocolathon/data/boxes/slots/empty/30/IMG_2030_r02_c01.jpg,IMG_2030.jpg,30,2,1,72.77,441.05,empty,/homes/mxqasim/Chocolathon/data/boxes/grid_annotations/IMG_2030.json
IMG_2030_r02_c02.jpg,/homes/mxqasim/Chocolathon/data/boxes/slots/empty/30/IMG_2030_r02_c02.jpg,IMG_2030.jpg,30,2,2,299.7,440.69,empty,/homes/mxqasim/Chocolathon/data/boxes/grid_annotations/IMG_2030.json
IMG_2030_r02_c03.jpg,/homes/mxqasim/Chocolathon/data/boxes/slots/empty/30/IMG_2030_r02_c03.jpg,IMG_2030.jpg,30,2,3,526.63,440.32,empty,/homes/mxqasim/Chocolathon/data/boxes/grid_annotations/IMG_2030.json
IMG_2030_r02_c04.jpg,/homes/mxqasim/Chocolathon/data/boxes/slots/empty/30/IMG_2030_r02_c04.jpg,IMG_2030.jpg,30,2,4,753.55,439.95,empty,/homes/mxqasim/Chocolathon/data/boxes/grid_annotations/IMG_2030.json
IMG_2030_r02_c05.jpg,/homes/mxqasim/Chocolathon/data/boxes/slots/empty/30/IMG_2030_r02_c05.jpg,IMG_2030.jpg,30,2,5,980.48,439.59,empty,/homes/mxqasim/Chocolathon/data/boxes/grid_annotations/IMG_2030.json
IMG_2030_r03_c01.jpg,/homes/mxqasim/Chocolathon/data/boxes/slots/empty/30/IMG_2030_r03_c01.jpg,IMG_2030.jpg,30,3,1,74.24,662.67,empty,/homes/mxqasim/Chocolathon/data/boxes/grid_annotations/IMG_2030.json
IMG_2030_r03_c02.jpg,/homes/mxqasim/Chocolathon/data/boxes/slots/empty/30/IMG_2030_r03_c02.jpg,IMG_2030.jpg,30,3,2,300.43,662.86,empty,/homes/mxqasim/Chocolathon/data/boxes/grid_annotations/IMG_2030.json
IMG_2030_r03_c03.jpg,/homes/mxqasim/Chocolathon/data/boxes/slots/empty/30/IMG_2030_r03_c03.jpg,IMG_2030.jpg,30,3,3,526.63,663.04,empty,/homes/mxqasim/Chocolathon/data/boxes/grid_annotations/IMG_2030.json
IMG_2030_r03_c04.jpg,/homes/mxqasim/Chocolathon/data/boxes/slots/empty/30/IMG_2030_r03_c04.jpg,IMG_2030.jpg,30,3,4,752.82,663.22,empty,/homes/mxqasim/Chocolathon/data/boxes/grid_annotations/IMG_2030.json
IMG_2030_r03_c05.jpg,/homes/mxqasim/Chocolathon/data/boxes/slots/empty/30/IMG_2030_r03_c05.jpg,IMG_2030.jpg,30,3,5,979.02,663.41,empty,/homes/mxqasim/Chocolathon/data/boxes/grid_annotations/IMG_2030.json
IMG_2030_r04_c01.jpg,/homes/mxqasim/Chocolathon/data/boxes/slots/empty/30/IMG_2030_r04_c01.jpg,IMG_2030.jpg,30,4,1,75.7,884.3,empty,/homes/mxqasim/Chocolathon/data/boxes/grid_annotations/IMG_2030.json
IMG_2030_r04_c02.jpg,/homes/mxqasim/Chocolathon/data/boxes/slots/empty/30/IMG_2030_r04_c02.jpg,IMG_2030.jpg,30,4,2,301.17,885.03,empty,/homes/mxqasim/Chocolathon/data/boxes/grid_annotations/IMG_2030.json
IMG_2030_r04_c03.jpg,/homes/mxqasim/Chocolathon/data/boxes/slots/empty/30/IMG_2030_r04_c03.jpg,IMG_2030.jpg,30,4,3,526.63,885.76,empty,/homes/mxqasim/Chocolathon/data/boxes/grid_annotations/IMG_2030.json
IMG_2030_r04_c04.jpg,/homes/mxqasim/Chocolathon/data/boxes/slots/empty/30/IMG_2030_r04_c04.jpg,IMG_2030.jpg,30,4,4,752.09,886.49,empty,/homes/mxqasim/Chocolathon/data/boxes/grid_annotations/IMG_2030.json
IMG_2030_r04_c05.jpg,/homes/mxqasim/Chocolathon/data/boxes/slots/empty/30/IMG_2030_r04_c05.jpg,IMG_2030.jpg,30,4,5,977.55,887.22,empty,/homes/mxqasim/Chocolathon/data/boxes/grid_annotations/IMG_2030.json
IMG_2030_r05_c01.jpg,/homes/mxqasim/Chocolathon/data/boxes/slots/empty/30/IMG_2030_r05_c01.jpg,IMG_2030.jpg,30,5,1,77.17,1105.92,empty,/homes/mxqasim/Chocolathon/data/boxes/grid_annotations/IMG_2030.json
IMG_2030_r05_c02.jpg,/homes/mxqasim/Chocolathon/data/boxes/slots/empty/30/IMG_2030_r05_c02.jpg,IMG_2030.jpg,30,5,2,301.9,1107.2,empty,/homes/mxqasim/Chocolathon/data/boxes/grid_annotations/IMG_2030.json
IMG_2030_r05_c03.jpg,/homes/mxqasim/Chocolathon/data/boxes/slots/empty/30/IMG_2030_r05_c03.jpg,IMG_2030.jpg,30,5,3,526.63,1108.48,empty,/homes/mxqasim/Chocolathon/data/boxes/grid_annotations/IMG_2030.json
IMG_2030_r05_c04.jpg,/homes/mxqasim/Chocolathon/data/boxes/slots/empty/30/IMG_2030_r05_c04.jpg,IMG_2030.jpg,30,5,4,751.36,1109.76,empty,/homes/mxqasim/Chocolathon/data/boxes/grid_annotations/IMG_2030.json
IMG_2030_r05_c05.jpg,/homes/mxqasim/Chocolathon/data/boxes/slots/empty/30/IMG_2030_r05_c05.jpg,IMG_2030.jpg,30,5,5,976.09,1111.04,empty,/homes/mxqasim/Chocolathon/data/boxes/grid_annotations/IMG_2030.json
IMG_2030_r06_c01.jpg,/homes/mxqasim/Chocolathon/data/boxes/slots/empty/30/IMG_2030_r06_c01.jpg,IMG_2030.jpg,30,6,1,78.63,1327.54,empty,/homes/mxqasim/Chocolathon/data/boxes/grid_annotations/IMG_2030.json
IMG_2030_r06_c02.jpg,/homes/mxqasim/Chocolathon/data/boxes/slots/empty/30/IMG_2030_r06_c02.jpg,IMG_2030.jpg,30,6,2,302.63,1329.37,empty,/homes/mxqasim/Chocolathon/data/boxes/grid_annotations/IMG_2030.json
IMG_2030_r06_c03.jpg,/homes/mxqasim/Chocolathon/data/boxes/slots/empty/30/IMG_2030_r06_c03.jpg,IMG_2030.jpg,30,6,3,526.63,1331.2,empty,/homes/mxqasim/Chocolathon/data/boxes/grid_annotations/IMG_2030.json
IMG_2030_r06_c04.jpg,/homes/mxqasim/Chocolathon/data/boxes/slots/empty/30/IMG_2030_r06_c04.jpg,IMG_2030.jpg,30,6,4,750.63,1333.03,empty,/homes/mxqasim/Chocolathon/data/boxes/grid_annotations/IMG_2030.json
IMG_2030_r06_c05.jpg,/homes/mxqasim/Chocolathon/data/boxes/slots/empty/30/IMG_2030_r06_c05.jpg,IMG_2030.jpg,30,6,5,974.63,1334.86,empty,/homes/mxqasim/Chocolathon/data/boxes/grid_annotations/IMG_2030.json
IMG_2031_r01_c01.jpg,/homes/mxqasim/Chocolathon/data/boxes/slots/empty/50/IMG_2031_r01_c01.jpg,IMG_2031.jpg,50,1,1,91.02,230.4,empty,/homes/mxqasim/Chocolathon/data/boxes/grid_annotations/IMG_2031.json
IMG_2031_r01_c02.jpg,/homes/mxqasim/Chocolathon/data/boxes/slots/empty/50/IMG_2031_r01_c02.jpg,IMG_2031.jpg,50,1,2,330.66,229.69,empty,/homes/mxqasim/Chocolathon/data/boxes/grid_annotations/IMG_2031.json
IMG_2031_r01_c03.jpg,/homes/mxqasim/Chocolathon/data/boxes/slots/empty/50/IMG_2031_r01_c03.jpg,IMG_2031.jpg,50,1,3,570.31,228.98,empty,/homes/mxqasim/Chocolathon/data/boxes/grid_annotations/IMG_2031.json
IMG_2031_r01_c04.jpg,/homes/mxqasim/Chocolathon/data/boxes/slots/empty/50/IMG_2031_r01_c04.jpg,IMG_2031.jpg,50,1,4,809.95,228.27,empty,/homes/mxqasim/Chocolathon/data/boxes/grid_annotations/IMG_2031.json
IMG_2031_r01_c05.jpg,/homes/mxqasim/Chocolathon/data/boxes/slots/empty/50/IMG_2031_r01_c05.jpg,IMG_2031.jpg,50,1,5,1049.6,227.56,empty,/homes/mxqasim/Chocolathon/data/boxes/grid_annotations/IMG_2031.json
IMG_2031_r02_c01.jpg,/homes/mxqasim/Chocolathon/data/boxes/slots/empty/50/IMG_2031_r02_c01.jpg,IMG_2031.jpg,50,2,1,93.86,463.33,empty,/homes/mxqasim/Chocolathon/data/boxes/grid_annotations/IMG_2031.json
IMG_2031_r02_c02.jpg,/homes/mxqasim/Chocolathon/data/boxes/slots/empty/50/IMG_2031_r02_c02.jpg,IMG_2031.jpg,50,2,2,332.72,463.17,empty,/homes/mxqasim/Chocolathon/data/boxes/grid_annotations/IMG_2031.json
IMG_2031_r02_c03.jpg,/homes/mxqasim/Chocolathon/data/boxes/slots/empty/50/IMG_2031_r02_c03.jpg,IMG_2031.jpg,50,2,3,571.57,463.01,empty,/homes/mxqasim/Chocolathon/data/boxes/grid_annotations/IMG_2031.json
IMG_2031_r02_c04.jpg,/homes/mxqasim/Chocolathon/data/boxes/slots/empty/50/IMG_2031_r02_c04.jpg,IMG_2031.jpg,50,2,4,810.43,462.86,empty,/homes/mxqasim/Chocolathon/data/boxes/grid_annotations/IMG_2031.json
IMG_2031_r02_c05.jpg,/homes/mxqasim/Chocolathon/data/boxes/slots/empty/50/IMG_2031_r02_c05.jpg,IMG_2031.jpg,50,2,5,1049.28,462.7,empty,/homes/mxqasim/Chocolathon/data/boxes/grid_annotations/IMG_2031.json
IMG_2031_r03_c01.jpg,/homes/mxqasim/Chocolathon/data/boxes/slots/empty/50/IMG_2031_r03_c01.jpg,IMG_2031.jpg,50,3,1,96.71,696.26,empty,/homes/mxqasim/Chocolathon/data/boxes/grid_annotations/IMG_2031.json
IMG_2031_r03_c02.jpg,/homes/mxqasim/Chocolathon/data/boxes/slots/empty/50/IMG_2031_r03_c02.jpg,IMG_2031.jpg,50,3,2,334.77,696.65,empty,/homes/mxqasim/Chocolathon/data/boxes/grid_annotations/IMG_2031.json
IMG_2031_r03_c03.jpg,/homes/mxqasim/Chocolathon/data/boxes/slots/empty/50/IMG_2031_r03_c03.jpg,IMG_2031.jpg,50,3,3,572.84,697.05,empty,/homes/mxqasim/Chocolathon/data/boxes/grid_annotations/IMG_2031.json
IMG_2031_r03_c04.jpg,/homes/mxqasim/Chocolathon/data/boxes/slots/empty/50/IMG_2031_r03_c04.jpg,IMG_2031.jpg,50,3,4,810.9,697.44,empty,/homes/mxqasim/Chocolathon/data/boxes/grid_annotations/IMG_2031.json
IMG_2031_r03_c05.jpg,/homes/mxqasim/Chocolathon/data/boxes/slots/empty/50/IMG_2031_r03_c05.jpg,IMG_2031.jpg,50,3,5,1048.97,697.84,empty,/homes/mxqasim/Chocolathon/data/boxes/grid_annotations/IMG_2031.json
IMG_2031_r04_c01.jpg,/homes/mxqasim/Chocolathon/data/boxes/slots/empty/50/IMG_2031_r04_c01.jpg,IMG_2031.jpg,50,4,1,99.55,929.19,empty,/homes/mxqasim/Chocolathon/data/boxes/grid_annotations/IMG_2031.json
IMG_2031_r04_c02.jpg,/homes/mxqasim/Chocolathon/data/boxes/slots/empty/50/IMG_2031_r04_c02.jpg,IMG_2031.jpg,50,4,2,336.83,930.14,empty,/homes/mxqasim/Chocolathon/data/boxes/grid_annotations/IMG_2031.json
IMG_2031_r04_c03.jpg,/homes/mxqasim/Chocolathon/data/boxes/slots/empty/50/IMG_2031_r04_c03.jpg,IMG_2031.jpg,50,4,3,574.1,931.08,empty,/homes/mxqasim/Chocolathon/data/boxes/grid_annotations/IMG_2031.json
IMG_2031_r04_c04.jpg,/homes/mxqasim/Chocolathon/data/boxes/slots/empty/50/IMG_2031_r04_c04.jpg,IMG_2031.jpg,50,4,4,811.38,932.03,empty,/homes/mxqasim/Chocolathon/data/boxes/grid_annotations/IMG_2031.json
IMG_2031_r04_c05.jpg,/homes/mxqasim/Chocolathon/data/boxes/slots/empty/50/IMG_2031_r04_c05.jpg,IMG_2031.jpg,50,4,5,1048.65,932.98,empty,/homes/mxqasim/Chocolathon/data/boxes/grid_annotations/IMG_2031.json
IMG_2031_r05_c01.jpg,/homes/mxqasim/Chocolathon/data/boxes/slots/empty/50/IMG_2031_r05_c01.jpg,IMG_2031.jpg,50,5,1,102.4,1162.12,empty,/homes/mxqasim/Chocolathon/data/boxes/grid_annotations/IMG_2031.json
IMG_2031_r05_c02.jpg,/homes/mxqasim/Chocolathon/data/boxes/slots/empty/50/IMG_2031_r05_c02.jpg,IMG_2031.jpg,50,5,2,338.88,1163.62,empty,/homes/mxqasim/Chocolathon/data/boxes/grid_annotations/IMG_2031.json
IMG_2031_r05_c03.jpg,/homes/mxqasim/Chocolathon/data/boxes/slots/empty/50/IMG_2031_r05_c03.jpg,IMG_2031.jpg,50,5,3,575.37,1165.12,empty,/homes/mxqasim/Chocolathon/data/boxes/grid_annotations/IMG_2031.json
IMG_2031_r05_c04.jpg,/homes/mxqasim/Chocolathon/data/boxes/slots/empty/50/IMG_2031_r05_c04.jpg,IMG_2031.jpg,50,5,4,811.85,1166.62,empty,/homes/mxqasim/Chocolathon/data/boxes/grid_annotations/IMG_2031.json
IMG_2031_r05_c05.jpg,/homes/mxqasim/Chocolathon/data/boxes/slots/empty/50/IMG_2031_r05_c05.jpg,IMG_2031.jpg,50,5,5,1048.34,1168.12,empty,/homes/mxqasim/Chocolathon/data/boxes/grid_annotations/IMG_2031.json
IMG_2031_r06_c01.jpg,/homes/mxqasim/Chocolathon/data/boxes/slots/empty/50/IMG_2031_r06_c01.jpg,IMG_2031.jpg,50,6,1,105.24,1395.04,empty,/homes/mxqasim/Chocolathon/data/boxes/grid_annotations/IMG_2031.json
IMG_2031_r06_c02.jpg,/homes/mxqasim/Chocolathon/data/boxes/slots/empty/50/IMG_2031_r06_c02.jpg,IMG_2031.jpg,50,6,2,340.94,1397.1,empty,/homes/mxqasim/Chocolathon/data/boxes/grid_annotations/IMG_2031.json
IMG_2031_r06_c03.jpg,/homes/mxqasim/Chocolathon/data/boxes/slots/empty/50/IMG_2031_r06_c03.jpg,IMG_2031.jpg,50,6,3,576.63,1399.15,empty,/homes/mxqasim/Chocolathon/data/boxes/grid_annotations/IMG_2031.json
IMG_2031_r06_c04.jpg,/homes/mxqasim/Chocolathon/data/boxes/slots/empty/50/IMG_2031_r06_c04.jpg,IMG_2031.jpg,50,6,4,812.33,1401.21,empty,/homes/mxqasim/Chocolathon/data/boxes/grid_annotations/IMG_2031.json
IMG_2031_r06_c05.jpg,/homes/mxqasim/Chocolathon/data/boxes/slots/empty/50/IMG_2031_r06_c05.jpg,IMG_2031.jpg,50,6,5,1048.02,1403.26,empty,/homes/mxqasim/Chocolathon/data/boxes/grid_annotations/IMG_2031.json
IMG_2031_r07_c01.jpg,/homes/mxqasim/Chocolathon/data/boxes/slots/empty/50/IMG_2031_r07_c01.jpg,IMG_2031.jpg,50,7,1,108.09,1627.97,empty,/homes/mxqasim/Chocolathon/data/boxes/grid_annotations/IMG_2031.json
IMG_2031_r07_c02.jpg,/homes/mxqasim/Chocolathon/data/boxes/slots/empty/50/IMG_2031_r07_c02.jpg,IMG_2031.jpg,50,7,2,342.99,1630.58,empty,/homes/mxqasim/Chocolathon/data/boxes/grid_annotations/IMG_2031.json
IMG_2031_r07_c03.jpg,/homes/mxqasim/Chocolathon/data/boxes/slots/empty/50/IMG_2031_r07_c03.jpg,IMG_2031.jpg,50,7,3,577.9,1633.19,empty,/homes/mxqasim/Chocolathon/data/boxes/grid_annotations/IMG_2031.json
IMG_2031_r07_c04.jpg,/homes/mxqasim/Chocolathon/data/boxes/slots/empty/50/IMG_2031_r07_c04.jpg,IMG_2031.jpg,50,7,4,812.8,1635.79,empty,/homes/mxqasim/Chocolathon/data/boxes/grid_annotations/IMG_2031.json
IMG_2031_r07_c05.jpg,/homes/mxqasim/Chocolathon/data/boxes/slots/empty/50/IMG_2031_r07_c05.jpg,IMG_2031.jpg,50,7,5,1047.71,1638.4,empty,/homes/mxqasim/Chocolathon/data/boxes/grid_annotations/IMG_2031.json
IMG_2031_r08_c01.jpg,/homes/mxqasim/Chocolathon/data/boxes/slots/empty/50/IMG_2031_r08_c01.jpg,IMG_2031.jpg,50,8,1,110.93,1860.9,empty,/homes/mxqasim/Chocolathon/data/boxes/grid_annotations/IMG_2031.json
IMG_2031_r08_c02.jpg,/homes/mxqasim/Chocolathon/data/boxes/slots/empty/50/IMG_2031_r08_c02.jpg,IMG_2031.jpg,50,8,2,345.05,1864.06,empty,/homes/mxqasim/Chocolathon/data/boxes/grid_annotations/IMG_2031.json
IMG_2031_r08_c03.jpg,/homes/mxqasim/Chocolathon/data/boxes/slots/empty/50/IMG_2031_r08_c03.jpg,IMG_2031.jpg,50,8,3,579.16,1867.22,empty,/homes/mxqasim/Chocolathon/data/boxes/grid_annotations/IMG_2031.json
IMG_2031_r08_c04.jpg,/homes/mxqasim/Chocolathon/data/boxes/slots/empty/50/IMG_2031_r08_c04.jpg,IMG_2031.jpg,50,8,4,813.28,1870.38,empty,/homes/mxqasim/Chocolathon/data/boxes/grid_annotations/IMG_2031.json
IMG_2031_r08_c05.jpg,/homes/mxqasim/Chocolathon/data/boxes/slots/empty/50/IMG_2031_r08_c05.jpg,IMG_2031.jpg,50,8,5,1047.39,1873.54,empty,/homes/mxqasim/Chocolathon/data/boxes/grid_annotations/IMG_2031.json
IMG_2031_r09_c01.jpg,/homes/mxqasim/Chocolathon/data/boxes/slots/empty/50/IMG_2031_r09_c01.jpg,IMG_2031.jpg,50,9,1,113.78,2093.83,empty,/homes/mxqasim/Chocolathon/data/boxes/grid_annotations/IMG_2031.json
IMG_2031_r09_c02.jpg,/homes/mxqasim/Chocolathon/data/boxes/slots/empty/50/IMG_2031_r09_c02.jpg,IMG_2031.jpg,50,9,2,347.1,2097.54,empty,/homes/mxqasim/Chocolathon/data/boxes/grid_annotations/IMG_2031.json
IMG_2031_r09_c03.jpg,/homes/mxqasim/Chocolathon/data/boxes/slots/empty/50/IMG_2031_r09_c03.jpg,IMG_2031.jpg,50,9,3,580.43,2101.26,empty,/homes/mxqasim/Chocolathon/data/boxes/grid_annotations/IMG_2031.json
IMG_2031_r09_c04.jpg,/homes/mxqasim/Chocolathon/data/boxes/slots/empty/50/IMG_2031_r09_c04.jpg,IMG_2031.jpg,50,9,4,813.75,2104.97,empty,/homes/mxqasim/Chocolathon/data/boxes/grid_annotations/IMG_2031.json
IMG_2031_r09_c05.jpg,/homes/mxqasim/Chocolathon/data/boxes/slots/empty/50/IMG_2031_r09_c05.jpg,IMG_2031.jpg,50,9,5,1047.08,2108.68,empty,/homes/mxqasim/Chocolathon/data/boxes/grid_annotations/IMG_2031.json
IMG_2031_r10_c01.jpg,/homes/mxqasim/Chocolathon/data/boxes/slots/empty/50/IMG_2031_r10_c01.jpg,IMG_2031.jpg,50,10,1,116.62,2326.76,empty,/homes/mxqasim/Chocolathon/data/boxes/grid_annotations/IMG_2031.json
IMG_2031_r10_c02.jpg,/homes/mxqasim/Chocolathon/data/boxes/slots/empty/50/IMG_2031_r10_c02.jpg,IMG_2031.jpg,50,10,2,349.15,2331.02,empty,/homes/mxqasim/Chocolathon/data/boxes/grid_annotations/IMG_2031.json
IMG_2031_r10_c03.jpg,/homes/mxqasim/Chocolathon/data/boxes/slots/empty/50/IMG_2031_r10_c03.jpg,IMG_2031.jpg,50,10,3,581.69,2335.29,empty,/homes/mxqasim/Chocolathon/data/boxes/grid_annotations/IMG_2031.json
IMG_2031_r10_c04.jpg,/homes/mxqasim/Chocolathon/data/boxes/slots/empty/50/IMG_2031_r10_c04.jpg,IMG_2031.jpg,50,10,4,814.22,2339.56,empty,/homes/mxqasim/Chocolathon/data/boxes/grid_annotations/IMG_2031.json
IMG_2031_r10_c05.jpg,/homes/mxqasim/Chocolathon/data/boxes/slots/empty/50/IMG_2031_r10_c05.jpg,IMG_2031.jpg,50,10,5,1046.76,2343.82,empty,/homes/mxqasim/Chocolathon/data/boxes/grid_annotations/IMG_2031.json
IMG_2032_r01_c01.jpg,/homes/mxqasim/Chocolathon/data/boxes/slots/empty/50/IMG_2032_r01_c01.jpg,IMG_2032.jpg,50,1,1,62.58,201.96,empty,/homes/mxqasim/Chocolathon/data/boxes/grid_annotations/IMG_2032.json
IMG_2032_r01_c02.jpg,/homes/mxqasim/Chocolathon/data/boxes/slots/empty/50/IMG_2032_r01_c02.jpg,IMG_2032.jpg,50,1,2,300.8,205.51,empty,/homes/mxqasim/Chocolathon/data/boxes/grid_annotations/IMG_2032.json
IMG_2032_r01_c03.jpg,/homes/mxqasim/Chocolathon/data/boxes/slots/empty/50/IMG_2032_r01_c03.jpg,IMG_2032.jpg,50,1,3,539.02,209.07,empty,/homes/mxqasim/Chocolathon/data/boxes/grid_annotations/IMG_2032.json
IMG_2032_r01_c04.jpg,/homes/mxqasim/Chocolathon/data/boxes/slots/empty/50/IMG_2032_r01_c04.jpg,IMG_2032.jpg,50,1,4,777.25,212.62,empty,/homes/mxqasim/Chocolathon/data/boxes/grid_annotations/IMG_2032.json
IMG_2032_r01_c05.jpg,/homes/mxqasim/Chocolathon/data/boxes/slots/empty/50/IMG_2032_r01_c05.jpg,IMG_2032.jpg,50,1,5,1015.47,216.18,empty,/homes/mxqasim/Chocolathon/data/boxes/grid_annotations/IMG_2032.json
IMG_2032_r02_c01.jpg,/homes/mxqasim/Chocolathon/data/boxes/slots/empty/50/IMG_2032_r02_c01.jpg,IMG_2032.jpg,50,2,1,63.21,440.26,empty,/homes/mxqasim/Chocolathon/data/boxes/grid_annotations/IMG_2032.json
IMG_2032_r02_c02.jpg,/homes/mxqasim/Chocolathon/data/boxes/slots/empty/50/IMG_2032_r02_c02.jpg,IMG_2032.jpg,50,2,2,301.51,442.95,empty,/homes/mxqasim/Chocolathon/data/boxes/grid_annotations/IMG_2032.json
IMG_2032_r02_c03.jpg,/homes/mxqasim/Chocolathon/data/boxes/slots/empty/50/IMG_2032_r02_c03.jpg,IMG_2032.jpg,50,2,3,539.81,445.63,empty,/homes/mxqasim/Chocolathon/data/boxes/grid_annotations/IMG_2032.json
IMG_2032_r02_c04.jpg,/homes/mxqasim/Chocolathon/data/boxes/slots/empty/50/IMG_2032_r02_c04.jpg,IMG_2032.jpg,50,2,4,778.12,448.32,empty,/homes/mxqasim/Chocolathon/data/boxes/grid_annotations/IMG_2032.json
IMG_2032_r02_c05.jpg,/homes/mxqasim/Chocolathon/data/boxes/slots/empty/50/IMG_2032_r02_c05.jpg,IMG_2032.jpg,50,2,5,1016.42,451.0,empty,/homes/mxqasim/Chocolathon/data/boxes/grid_annotations/IMG_2032.json
IMG_2032_r03_c01.jpg,/homes/mxqasim/Chocolathon/data/boxes/slots/empty/50/IMG_2032_r03_c01.jpg,IMG_2032.jpg,50,3,1,63.84,678.56,empty,/homes/mxqasim/Chocolathon/data/boxes/grid_annotations/IMG_2032.json
IMG_2032_r03_c02.jpg,/homes/mxqasim/Chocolathon/data/boxes/slots/empty/50/IMG_2032_r03_c02.jpg,IMG_2032.jpg,50,3,2,302.22,680.38,empty,/homes/mxqasim/Chocolathon/data/boxes/grid_annotations/IMG_2032.json
IMG_2032_r03_c03.jpg,/homes/mxqasim/Chocolathon/data/boxes/slots/empty/50/IMG_2032_r03_c03.jpg,IMG_2032.jpg,50,3,3,540.6,682.2,empty,/homes/mxqasim/Chocolathon/data/boxes/grid_annotations/IMG_2032.json
IMG_2032_r03_c04.jpg,/homes/mxqasim/Chocolathon/data/boxes/slots/empty/50/IMG_2032_r03_c04.jpg,IMG_2032.jpg,50,3,4,778.99,684.01,empty,/homes/mxqasim/Chocolathon/data/boxes/grid_annotations/IMG_2032.json
IMG_2032_r03_c05.jpg,/homes/mxqasim/Chocolathon/data/boxes/slots/empty/50/IMG_2032_r03_c05.jpg,IMG_2032.jpg,50,3,5,1017.37,685.83,empty,/homes/mxqasim/Chocolathon/data/boxes/grid_annotations/IMG_2032.json
IMG_2032_r04_c01.jpg,/homes/mxqasim/Chocolathon/data/boxes/slots/empty/50/IMG_2032_r04_c01.jpg,IMG_2032.jpg,50,4,1,64.48,916.86,empty,/homes/mxqasim/Chocolathon/data/boxes/grid_annotations/IMG_2032.json
IMG_2032_r04_c02.jpg,/homes/mxqasim/Chocolathon/data/boxes/slots/empty/50/IMG_2032_r04_c02.jpg,IMG_2032.jpg,50,4,2,302.94,917.81,empty,/homes/mxqasim/Chocolathon/data/boxes/grid_annotations/IMG_2032.json
IMG_2032_r04_c03.jpg,/homes/mxqasim/Chocolathon/data/boxes/slots/empty/50/IMG_2032_r04_c03.jpg,IMG_2032.jpg,50,4,3,541.39,918.76,empty,/homes/mxqasim/Chocolathon/data/boxes/grid_annotations/IMG_2032.json
IMG_2032_r04_c04.jpg,/homes/mxqasim/Chocolathon/data/boxes/slots/empty/50/IMG_2032_r04_c04.jpg,IMG_2032.jpg,50,4,4,779.85,919.71,empty,/homes/mxqasim/Chocolathon/data/boxes/grid_annotations/IMG_2032.json
IMG_2032_r04_c05.jpg,/homes/mxqasim/Chocolathon/data/boxes/slots/empty/50/IMG_2032_r04_c05.jpg,IMG_2032.jpg,50,4,5,1018.31,920.65,empty,/homes/mxqasim/Chocolathon/data/boxes/grid_annotations/IMG_2032.json
IMG_2032_r05_c01.jpg,/homes/mxqasim/Chocolathon/data/boxes/slots/empty/50/IMG_2032_r05_c01.jpg,IMG_2032.jpg,50,5,1,65.11,1155.16,empty,/homes/mxqasim/Chocolathon/data/boxes/grid_annotations/IMG_2032.json
IMG_2032_r05_c02.jpg,/homes/mxqasim/Chocolathon/data/boxes/slots/empty/50/IMG_2032_r05_c02.jpg,IMG_2032.jpg,50,5,2,303.65,1155.24,empty,/homes/mxqasim/Chocolathon/data/boxes/grid_annotations/IMG_2032.json
IMG_2032_r05_c03.jpg,/homes/mxqasim/Chocolathon/data/boxes/slots/empty/50/IMG_2032_r05_c03.jpg,IMG_2032.jpg,50,5,3,542.18,1155.32,empty,/homes/mxqasim/Chocolathon/data/boxes/grid_annotations/IMG_2032.json
IMG_2032_r05_c04.jpg,/homes/mxqasim/Chocolathon/data/boxes/slots/empty/50/IMG_2032_r05_c04.jpg,IMG_2032.jpg,50,5,4,780.72,1155.4,empty,/homes/mxqasim/Chocolathon/data/boxes/grid_annotations/IMG_2032.json
IMG_2032_r05_c05.jpg,/homes/mxqasim/Chocolathon/data/boxes/slots/empty/50/IMG_2032_r05_c05.jpg,IMG_2032.jpg,50,5,5,1019.26,1155.48,empty,/homes/mxqasim/Chocolathon/data/boxes/grid_annotations/IMG_2032.json
IMG_2032_r06_c01.jpg,/homes/mxqasim/Chocolathon/data/boxes/slots/empty/50/IMG_2032_r06_c01.jpg,IMG_2032.jpg,50,6,1,65.74,1393.47,empty,/homes/mxqasim/Chocolathon/data/boxes/grid_annotations/IMG_2032.json
IMG_2032_r06_c02.jpg,/homes/mxqasim/Chocolathon/data/boxes/slots/empty/50/IMG_2032_r06_c02.jpg,IMG_2032.jpg,50,6,2,304.36,1392.67,empty,/homes/mxqasim/Chocolathon/data/boxes/grid_annotations/IMG_2032.json
IMG_2032_r06_c03.jpg,/homes/mxqasim/Chocolathon/data/boxes/slots/empty/50/IMG_2032_r06_c03.jpg,IMG_2032.jpg,50,6,3,542.97,1391.88,empty,/homes/mxqasim/Chocolathon/data/boxes/grid_annotations/IMG_2032.json
IMG_2032_r06_c04.jpg,/homes/mxqasim/Chocolathon/data/boxes/slots/empty/50/IMG_2032_r06_c04.jpg,IMG_2032.jpg,50,6,4,781.59,1391.09,empty,/homes/mxqasim/Chocolathon/data/boxes/grid_annotations/IMG_2032.json
IMG_2032_r06_c05.jpg,/homes/mxqasim/Chocolathon/data/boxes/slots/empty/50/IMG_2032_r06_c05.jpg,IMG_2032.jpg,50,6,5,1020.21,1390.3,empty,/homes/mxqasim/Chocolathon/data/boxes/grid_annotations/IMG_2032.json
IMG_2032_r07_c01.jpg,/homes/mxqasim/Chocolathon/data/boxes/slots/empty/50/IMG_2032_r07_c01.jpg,IMG_2032.jpg,50,7,1,66.37,1631.77,empty,/homes/mxqasim/Chocolathon/data/boxes/grid_annotations/IMG_2032.json
IMG_2032_r07_c02.jpg,/homes/mxqasim/Chocolathon/data/boxes/slots/empty/50/IMG_2032_r07_c02.jpg,IMG_2032.jpg,50,7,2,305.07,1630.11,empty,/homes/mxqasim/Chocolathon/data/boxes/grid_annotations/IMG_2032.json
IMG_2032_r07_c03.jpg,/homes/mxqasim/Chocolathon/data/boxes/slots/empty/50/IMG_2032_r07_c03.jpg,IMG_2032.jpg,50,7,3,543.77,1628.45,empty,/homes/mxqasim/Chocolathon/data/boxes/grid_annotations/IMG_2032.json
IMG_2032_r07_c04.jpg,/homes/mxqasim/Chocolathon/data/boxes/slots/empty/50/IMG_2032_r07_c04.jpg,IMG_2032.jpg,50,7,4,782.46,1626.79,empty,/homes/mxqasim/Chocolathon/data/boxes/grid_annotations/IMG_2032.json
IMG_2032_r07_c05.jpg,/homes/mxqasim/Chocolathon/data/boxes/slots/empty/50/IMG_2032_r07_c05.jpg,IMG_2032.jpg,50,7,5,1021.16,1625.13,empty,/homes/mxqasim/Chocolathon/data/boxes/grid_annotations/IMG_2032.json
IMG_2032_r08_c01.jpg,/homes/mxqasim/Chocolathon/data/boxes/slots/empty/50/IMG_2032_r08_c01.jpg,IMG_2032.jpg,50,8,1,67.01,1870.07,empty,/homes/mxqasim/Chocolathon/data/boxes/grid_annotations/IMG_2032.json
IMG_2032_r08_c02.jpg,/homes/mxqasim/Chocolathon/data/boxes/slots/empty/50/IMG_2032_r08_c02.jpg,IMG_2032.jpg,50,8,2,305.78,1867.54,empty,/homes/mxqasim/Chocolathon/data/boxes/grid_annotations/IMG_2032.json
IMG_2032_r08_c03.jpg,/homes/mxqasim/Chocolathon/data/boxes/slots/empty/50/IMG_2032_r08_c03.jpg,IMG_2032.jpg,50,8,3,544.55,1865.01,empty,/homes/mxqasim/Chocolathon/data/boxes/grid_annotations/IMG_2032.json
IMG_2032_r08_c04.jpg,/homes/mxqasim/Chocolathon/data/boxes/slots/empty/50/IMG_2032_r08_c04.jpg,IMG_2032.jpg,50,8,4,783.33,1862.48,empty,/homes/mxqasim/Chocolathon/data/boxes/grid_annotations/IMG_2032.json
IMG_2032_r08_c05.jpg,/homes/mxqasim/Chocolathon/data/boxes/slots/empty/50/IMG_2032_r08_c05.jpg,IMG_2032.jpg,50,8,5,1022.1,1859.95,empty,/homes/mxqasim/Chocolathon/data/boxes/grid_annotations/IMG_2032.json
IMG_2032_r09_c01.jpg,/homes/mxqasim/Chocolathon/data/boxes/slots/empty/50/IMG_2032_r09_c01.jpg,IMG_2032.jpg,50,9,1,67.64,2108.37,empty,/homes/mxqasim/Chocolathon/data/boxes/grid_annotations/IMG_2032.json
IMG_2032_r09_c02.jpg,/homes/mxqasim/Chocolathon/data/boxes/slots/empty/50/IMG_2032_r09_c02.jpg,IMG_2032.jpg,50,9,2,306.49,2104.97,empty,/homes/mxqasim/Chocolathon/data/boxes/grid_annotations/IMG_2032.json
IMG_2032_r09_c03.jpg,/homes/mxqasim/Chocolathon/data/boxes/slots/empty/50/IMG_2032_r09_c03.jpg,IMG_2032.jpg,50,9,3,545.35,2101.57,empty,/homes/mxqasim/Chocolathon/data/boxes/grid_annotations/IMG_2032.json
IMG_2032_r09_c04.jpg,/homes/mxqasim/Chocolathon/data/boxes/slots/empty/50/IMG_2032_r09_c04.jpg,IMG_2032.jpg,50,9,4,784.2,2098.17,empty,/homes/mxqasim/Chocolathon/data/boxes/grid_annotations/IMG_2032.json
IMG_2032_r09_c05.jpg,/homes/mxqasim/Chocolathon/data/boxes/slots/empty/50/IMG_2032_r09_c05.jpg,IMG_2032.jpg,50,9,5,1023.05,2094.78,empty,/homes/mxqasim/Chocolathon/data/boxes/grid_annotations/IMG_2032.json
IMG_2032_r10_c01.jpg,/homes/mxqasim/Chocolathon/data/boxes/slots/empty/50/IMG_2032_r10_c01.jpg,IMG_2032.jpg,50,10,1,68.27,2346.67,empty,/homes/mxqasim/Chocolathon/data/boxes/grid_annotations/IMG_2032.json
IMG_2032_r10_c02.jpg,/homes/mxqasim/Chocolathon/data/boxes/slots/empty/50/IMG_2032_r10_c02.jpg,IMG_2032.jpg,50,10,2,307.2,2342.4,empty,/homes/mxqasim/Chocolathon/data/boxes/grid_annotations/IMG_2032.json
IMG_2032_r10_c03.jpg,/homes/mxqasim/Chocolathon/data/boxes/slots/empty/50/IMG_2032_r10_c03.jpg,IMG_2032.jpg,50,10,3,546.14,2338.14,empty,/homes/mxqasim/Chocolathon/data/boxes/grid_annotations/IMG_2032.json
IMG_2032_r10_c04.jpg,/homes/mxqasim/Chocolathon/data/boxes/slots/empty/50/IMG_2032_r10_c04.jpg,IMG_2032.jpg,50,10,4,785.07,2333.87,empty,/homes/mxqasim/Chocolathon/data/boxes/grid_annotations/IMG_2032.json
IMG_2032_r10_c05.jpg,/homes/mxqasim/Chocolathon/data/boxes/slots/empty/50/IMG_2032_r10_c05.jpg,IMG_2032.jpg,50,10,5,1024.0,2329.6,empty,/homes/mxqasim/Chocolathon/data/boxes/grid_annotations/IMG_2032.json
IMG_2033_r01_c01.jpg,/homes/mxqasim/Chocolathon/data/boxes/slots/empty/50/IMG_2033_r01_c01.jpg,IMG_2033.jpg,50,1,1,164.98,201.96,empty,/homes/mxqasim/Chocolathon/data/boxes/grid_annotations/IMG_2033.json
IMG_2033_r01_c02.jpg,/homes/mxqasim/Chocolathon/data/boxes/slots/empty/50/IMG_2033_r01_c02.jpg,IMG_2033.jpg,50,1,2,406.04,202.67,empty,/homes/mxqasim/Chocolathon/data/boxes/grid_annotations/IMG_2033.json
IMG_2033_r01_c03.jpg,/homes/mxqasim/Chocolathon/data/boxes/slots/empty/50/IMG_2033_r01_c03.jpg,IMG_2033.jpg,50,1,3,647.11,203.38,empty,/homes/mxqasim/Chocolathon/data/boxes/grid_annotations/IMG_2033.json
IMG_2033_r01_c04.jpg,/homes/mxqasim/Chocolathon/data/boxes/slots/empty/50/IMG_2033_r01_c04.jpg,IMG_2033.jpg,50,1,4,888.17,204.09,empty,/homes/mxqasim/Chocolathon/data/boxes/grid_annotations/IMG_2033.json
IMG_2033_r01_c05.jpg,/homes/mxqasim/Chocolathon/data/boxes/slots/empty/50/IMG_2033_r01_c05.jpg,IMG_2033.jpg,50,1,5,1129.24,204.8,empty,/homes/mxqasim/Chocolathon/data/boxes/grid_annotations/IMG_2033.json
IMG_2033_r02_c01.jpg,/homes/mxqasim/Chocolathon/data/boxes/slots/empty/50/IMG_2033_r02_c01.jpg,IMG_2033.jpg,50,2,1,165.93,440.26,empty,/homes/mxqasim/Chocolathon/data/boxes/grid_annotations/IMG_2033.json
IMG_2033_r02_c02.jpg,/homes/mxqasim/Chocolathon/data/boxes/slots/empty/50/IMG_2033_r02_c02.jpg,IMG_2033.jpg,50,2,2,405.97,441.29,empty,/homes/mxqasim/Chocolathon/data/boxes/grid_annotations/IMG_2033.json
IMG_2033_r02_c03.jpg,/homes/mxqasim/Chocolathon/data/boxes/slots/empty/50/IMG_2033_r02_c03.jpg,IMG_2033.jpg,50,2,3,646.0,442.31,empty,/homes/mxqasim/Chocolathon/data/boxes/grid_annotations/IMG_2033.json
IMG_2033_r02_c04.jpg,/homes/mxqasim/Chocolathon/data/boxes/slots/empty/50/IMG_2033_r02_c04.jpg,IMG_2033.jpg,50,2,4,886.04,443.34,empty,/homes/mxqasim/Chocolathon/data/boxes/grid_annotations/IMG_2033.json
IMG_2033_r02_c05.jpg,/homes/mxqasim/Chocolathon/data/boxes/slots/empty/50/IMG_2033_r02_c05.jpg,IMG_2033.jpg,50,2,5,1126.08,444.37,empty,/homes/mxqasim/Chocolathon/data/boxes/grid_annotations/IMG_2033.json
IMG_2033_r03_c01.jpg,/homes/mxqasim/Chocolathon/data/boxes/slots/empty/50/IMG_2033_r03_c01.jpg,IMG_2033.jpg,50,3,1,166.88,678.56,empty,/homes/mxqasim/Chocolathon/data/boxes/grid_annotations/IMG_2033.json
IMG_2033_r03_c02.jpg,/homes/mxqasim/Chocolathon/data/boxes/slots/empty/50/IMG_2033_r03_c02.jpg,IMG_2033.jpg,50,3,2,405.89,679.9,empty,/homes/mxqasim/Chocolathon/data/boxes/grid_annotations/IMG_2033.json
IMG_2033_r03_c03.jpg,/homes/mxqasim/Chocolathon/data/boxes/slots/empty/50/IMG_2033_r03_c03.jpg,IMG_2033.jpg,50,3,3,644.9,681.25,empty,/homes/mxqasim/Chocolathon/data/boxes/grid_annotations/IMG_2033.json
IMG_2033_r03_c04.jpg,/homes/mxqasim/Chocolathon/data/boxes/slots/empty/50/IMG_2033_r03_c04.jpg,IMG_2033.jpg,50,3,4,883.91,682.59,empty,/homes/mxqasim/Chocolathon/data/boxes/grid_annotations/IMG_2033.json
IMG_2033_r03_c05.jpg,/homes/mxqasim/Chocolathon/data/boxes/slots/empty/50/IMG_2033_r03_c05.jpg,IMG_2033.jpg,50,3,5,1122.92,683.93,empty,/homes/mxqasim/Chocolathon/data/boxes/grid_annotations/IMG_2033.json
IMG_2033_r04_c01.jpg,/homes/mxqasim/Chocolathon/data/boxes/slots/empty/50/IMG_2033_r04_c01.jpg,IMG_2033.jpg,50,4,1,167.82,916.86,empty,/homes/mxqasim/Chocolathon/data/boxes/grid_annotations/IMG_2033.json
IMG_2033_r04_c02.jpg,/homes/mxqasim/Chocolathon/data/boxes/slots/empty/50/IMG_2033_r04_c02.jpg,IMG_2033.jpg,50,4,2,405.81,918.52,empty,/homes/mxqasim/Chocolathon/data/boxes/grid_annotations/IMG_2033.json
IMG_2033_r04_c03.jpg,/homes/mxqasim/Chocolathon/data/boxes/slots/empty/50/IMG_2033_r04_c03.jpg,IMG_2033.jpg,50,4,3,643.79,920.18,empty,/homes/mxqasim/Chocolathon/data/boxes/grid_annotations/IMG_2033.json
IMG_2033_r04_c04.jpg,/homes/mxqasim/Chocolathon/data/boxes/slots/empty/50/IMG_2033_r04_c04.jpg,IMG_2033.jpg,50,4,4,881.78,921.84,empty,/homes/mxqasim/Chocolathon/data/boxes/grid_annotations/IMG_2033.json
IMG_2033_r04_c05.jpg,/homes/mxqasim/Chocolathon/data/boxes/slots/empty/50/IMG_2033_r04_c05.jpg,IMG_2033.jpg,50,4,5,1119.76,923.5,empty,/homes/mxqasim/Chocolathon/data/boxes/grid_annotations/IMG_2033.json
IMG_2033_r05_c01.jpg,/homes/mxqasim/Chocolathon/data/boxes/slots/empty/50/IMG_2033_r05_c01.jpg,IMG_2033.jpg,50,5,1,168.77,1155.16,empty,/homes/mxqasim/Chocolathon/data/boxes/grid_annotations/IMG_2033.json
IMG_2033_r05_c02.jpg,/homes/mxqasim/Chocolathon/data/boxes/slots/empty/50/IMG_2033_r05_c02.jpg,IMG_2033.jpg,50,5,2,405.73,1157.14,empty,/homes/mxqasim/Chocolathon/data/boxes/grid_annotations/IMG_2033.json
IMG_2033_r05_c03.jpg,/homes/mxqasim/Chocolathon/data/boxes/slots/empty/50/IMG_2033_r05_c03.jpg,IMG_2033.jpg,50,5,3,642.69,1159.11,empty,/homes/mxqasim/Chocolathon/data/boxes/grid_annotations/IMG_2033.json
IMG_2033_r05_c04.jpg,/homes/mxqasim/Chocolathon/data/boxes/slots/empty/50/IMG_2033_r05_c04.jpg,IMG_2033.jpg,50,5,4,879.64,1161.09,empty,/homes/mxqasim/Chocolathon/data/boxes/grid_annotations/IMG_2033.json
IMG_2033_r05_c05.jpg,/homes/mxqasim/Chocolathon/data/boxes/slots/empty/50/IMG_2033_r05_c05.jpg,IMG_2033.jpg,50,5,5,1116.6,1163.06,empty,/homes/mxqasim/Chocolathon/data/boxes/grid_annotations/IMG_2033.json
IMG_2033_r06_c01.jpg,/homes/mxqasim/Chocolathon/data/boxes/slots/empty/50/IMG_2033_r06_c01.jpg,IMG_2033.jpg,50,6,1,169.72,1393.47,empty,/homes/mxqasim/Chocolathon/data/boxes/grid_annotations/IMG_2033.json
IMG_2033_r06_c02.jpg,/homes/mxqasim/Chocolathon/data/boxes/slots/empty/50/IMG_2033_r06_c02.jpg,IMG_2033.jpg,50,6,2,405.65,1395.76,empty,/homes/mxqasim/Chocolathon/data/boxes/grid_annotations/IMG_2033.json
IMG_2033_r06_c03.jpg,/homes/mxqasim/Chocolathon/data/boxes/slots/empty/50/IMG_2033_r06_c03.jpg,IMG_2033.jpg,50,6,3,641.58,1398.05,empty,/homes/mxqasim/Chocolathon/data/boxes/grid_annotations/IMG_2033.json
IMG_2033_r06_c04.jpg,/homes/mxqasim/Chocolathon/data/boxes/slots/empty/50/IMG_2033_r06_c04.jpg,IMG_2033.jpg,50,6,4,877.51,1400.34,empty,/homes/mxqasim/Chocolathon/data/boxes/grid_annotations/IMG_2033.json
IMG_2033_r06_c05.jpg,/homes/mxqasim/Chocolathon/data/boxes/slots/empty/50/IMG_2033_r06_c05.jpg,IMG_2033.jpg,50,6,5,1113.44,1402.63,empty,/homes/mxqasim/Chocolathon/data/boxes/grid_annotations/IMG_2033.json
IMG_2033_r07_c01.jpg,/homes/mxqasim/Chocolathon/data/boxes/slots/empty/50/IMG_2033_r07_c01.jpg,IMG_2033.jpg,50,7,1,170.67,1631.77,empty,/homes/mxqasim/Chocolathon/data/boxes/grid_annotations/IMG_2033.json
IMG_2033_r07_c02.jpg,/homes/mxqasim/Chocolathon/data/boxes/slots/empty/50/IMG_2033_r07_c02.jpg,IMG_2033.jpg,50,7,2,405.57,1634.37,empty,/homes/mxqasim/Chocolathon/data/boxes/grid_annotations/IMG_2033.json
IMG_2033_r07_c03.jpg,/homes/mxqasim/Chocolathon/data/boxes/slots/empty/50/IMG_2033_r07_c03.jpg,IMG_2033.jpg,50,7,3,640.47,1636.98,empty,/homes/mxqasim/Chocolathon/data/boxes/grid_annotations/IMG_2033.json
IMG_2033_r07_c04.jpg,/homes/mxqasim/Chocolathon/data/boxes/slots/empty/50/IMG_2033_r07_c04.jpg,IMG_2033.jpg,50,7,4,875.38,1639.59,empty,/homes/mxqasim/Chocolathon/data/boxes/grid_annotations/IMG_2033.json
IMG_2033_r07_c05.jpg,/homes/mxqasim/Chocolathon/data/boxes/slots/empty/50/IMG_2033_r07_c05.jpg,IMG_2033.jpg,50,7,5,1110.28,1642.19,empty,/homes/mxqasim/Chocolathon/data/boxes/grid_annotations/IMG_2033.json
IMG_2033_r08_c01.jpg,/homes/mxqasim/Chocolathon/data/boxes/slots/empty/50/IMG_2033_r08_c01.jpg,IMG_2033.jpg,50,8,1,171.61,1870.07,empty,/homes/mxqasim/Chocolathon/data/boxes/grid_annotations/IMG_2033.json
IMG_2033_r08_c02.jpg,/homes/mxqasim/Chocolathon/data/boxes/slots/empty/50/IMG_2033_r08_c02.jpg,IMG_2033.jpg,50,8,2,405.49,1872.99,empty,/homes/mxqasim/Chocolathon/data/boxes/grid_annotations/IMG_2033.json
IMG_2033_r08_c03.jpg,/homes/mxqasim/Chocolathon/data/boxes/slots/empty/50/IMG_2033_r08_c03.jpg,IMG_2033.jpg,50,8,3,639.37,1875.91,empty,/homes/mxqasim/Chocolathon/data/boxes/grid_annotations/IMG_2033.json
IMG_2033_r08_c04.jpg,/homes/mxqasim/Chocolathon/data/boxes/slots/empty/50/IMG_2033_r08_c04.jpg,IMG_2033.jpg,50,8,4,873.24,1878.84,empty,/homes/mxqasim/Chocolathon/data/boxes/grid_annotations/IMG_2033.json
IMG_2033_r08_c05.jpg,/homes/mxqasim/Chocolathon/data/boxes/slots/empty/50/IMG_2033_r08_c05.jpg,IMG_2033.jpg,50,8,5,1107.12,1881.76,empty,/homes/mxqasim/Chocolathon/data/boxes/grid_annotations/IMG_2033.json
IMG_2033_r09_c01.jpg,/homes/mxqasim/Chocolathon/data/boxes/slots/empty/50/IMG_2033_r09_c01.jpg,IMG_2033.jpg,50,9,1,172.56,2108.37,empty,/homes/mxqasim/Chocolathon/data/boxes/grid_annotations/IMG_2033.json
IMG_2033_r09_c02.jpg,/homes/mxqasim/Chocolathon/data/boxes/slots/empty/50/IMG_2033_r09_c02.jpg,IMG_2033.jpg,50,9,2,405.41,2111.61,empty,/homes/mxqasim/Chocolathon/data/boxes/grid_annotations/IMG_2033.json
IMG_2033_r09_c03.jpg,/homes/mxqasim/Chocolathon/data/boxes/slots/empty/50/IMG_2033_r09_c03.jpg,IMG_2033.jpg,50,9,3,638.26,2114.85,empty,/homes/mxqasim/Chocolathon/data/boxes/grid_annotations/IMG_2033.json
IMG_2033_r09_c04.jpg,/homes/mxqasim/Chocolathon/data/boxes/slots/empty/50/IMG_2033_r09_c04.jpg,IMG_2033.jpg,50,9,4,871.11,2118.09,empty,/homes/mxqasim/Chocolathon/data/boxes/grid_annotations/IMG_2033.json
IMG_2033_r09_c05.jpg,/homes/mxqasim/Chocolathon/data/boxes/slots/empty/50/IMG_2033_r09_c05.jpg,IMG_2033.jpg,50,9,5,1103.96,2121.32,empty,/homes/mxqasim/Chocolathon/data/boxes/grid_annotations/IMG_2033.json
IMG_2033_r10_c01.jpg,/homes/mxqasim/Chocolathon/data/boxes/slots/empty/50/IMG_2033_r10_c01.jpg,IMG_2033.jpg,50,10,1,173.51,2346.67,empty,/homes/mxqasim/Chocolathon/data/boxes/grid_annotations/IMG_2033.json
IMG_2033_r10_c02.jpg,/homes/mxqasim/Chocolathon/data/boxes/slots/empty/50/IMG_2033_r10_c02.jpg,IMG_2033.jpg,50,10,2,405.33,2350.22,empty,/homes/mxqasim/Chocolathon/data/boxes/grid_annotations/IMG_2033.json
IMG_2033_r10_c03.jpg,/homes/mxqasim/Chocolathon/data/boxes/slots/empty/50/IMG_2033_r10_c03.jpg,IMG_2033.jpg,50,10,3,637.16,2353.78,empty,/homes/mxqasim/Chocolathon/data/boxes/grid_annotations/IMG_2033.json
IMG_2033_r10_c04.jpg,/homes/mxqasim/Chocolathon/data/boxes/slots/empty/50/IMG_2033_r10_c04.jpg,IMG_2033.jpg,50,10,4,868.98,2357.33,empty,/homes/mxqasim/Chocolathon/data/boxes/grid_annotations/IMG_2033.json
IMG_2033_r10_c05.jpg,/homes/mxqasim/Chocolathon/data/boxes/slots/empty/50/IMG_2033_r10_c05.jpg,IMG_2033.jpg,50,10,5,1100.8,2360.89,empty,/homes/mxqasim/Chocolathon/data/boxes/grid_annotations/IMG_2033.json
IMG_2034_r01_c01.jpg,/homes/mxqasim/Chocolathon/data/boxes/slots/empty/50/IMG_2034_r01_c01.jpg,IMG_2034.jpg,50,1,1,150.76,207.64,empty,/homes/mxqasim/Chocolathon/data/boxes/grid_annotations/IMG_2034.json
IMG_2034_r01_c02.jpg,/homes/mxqasim/Chocolathon/data/boxes/slots/empty/50/IMG_2034_r01_c02.jpg,IMG_2034.jpg,50,1,2,391.11,209.77,empty,/homes/mxqasim/Chocolathon/data/boxes/grid_annotations/IMG_2034.json
IMG_2034_r01_c03.jpg,/homes/mxqasim/Chocolathon/data/boxes/slots/empty/50/IMG_2034_r01_c03.jpg,IMG_2034.jpg,50,1,3,631.47,211.91,empty,/homes/mxqasim/Chocolathon/data/boxes/grid_annotations/IMG_2034.json
IMG_2034_r01_c04.jpg,/homes/mxqasim/Chocolathon/data/boxes/slots/empty/50/IMG_2034_r01_c04.jpg,IMG_2034.jpg,50,1,4,871.83,214.04,empty,/homes/mxqasim/Chocolathon/data/boxes/grid_annotations/IMG_2034.json
IMG_2034_r01_c05.jpg,/homes/mxqasim/Chocolathon/data/boxes/slots/empty/50/IMG_2034_r01_c05.jpg,IMG_2034.jpg,50,1,5,1112.18,216.18,empty,/homes/mxqasim/Chocolathon/data/boxes/grid_annotations/IMG_2034.json
IMG_2034_r02_c01.jpg,/homes/mxqasim/Chocolathon/data/boxes/slots/empty/50/IMG_2034_r02_c01.jpg,IMG_2034.jpg,50,2,1,152.34,444.99,empty,/homes/mxqasim/Chocolathon/data/boxes/grid_annotations/IMG_2034.json
IMG_2034_r02_c02.jpg,/homes/mxqasim/Chocolathon/data/boxes/slots/empty/50/IMG_2034_r02_c02.jpg,IMG_2034.jpg,50,2,2,391.83,447.37,empty,/homes/mxqasim/Chocolathon/data/boxes/grid_annotations/IMG_2034.json
IMG_2034_r02_c03.jpg,/homes/mxqasim/Chocolathon/data/boxes/slots/empty/50/IMG_2034_r02_c03.jpg,IMG_2034.jpg,50,2,3,631.31,449.74,empty,/homes/mxqasim/Chocolathon/data/boxes/grid_annotations/IMG_2034.json
IMG_2034_r02_c04.jpg,/homes/mxqasim/Chocolathon/data/boxes/slots/empty/50/IMG_2034_r02_c04.jpg,IMG_2034.jpg,50,2,4,870.8,452.11,empty,/homes/mxqasim/Chocolathon/data/boxes/grid_annotations/IMG_2034.json
IMG_2034_r02_c05.jpg,/homes/mxqasim/Chocolathon/data/boxes/slots/empty/50/IMG_2034_r02_c05.jpg,IMG_2034.jpg,50,2,5,1110.28,454.48,empty,/homes/mxqasim/Chocolathon/data/boxes/grid_annotations/IMG_2034.json
IMG_2034_r03_c01.jpg,/homes/mxqasim/Chocolathon/data/boxes/slots/empty/50/IMG_2034_r03_c01.jpg,IMG_2034.jpg,50,3,1,153.92,682.35,empty,/homes/mxqasim/Chocolathon/data/boxes/grid_annotations/IMG_2034.json
IMG_2034_r03_c02.jpg,/homes/mxqasim/Chocolathon/data/boxes/slots/empty/50/IMG_2034_r03_c02.jpg,IMG_2034.jpg,50,3,2,392.54,684.96,empty,/homes/mxqasim/Chocolathon/data/boxes/grid_annotations/IMG_2034.json
IMG_2034_r03_c03.jpg,/homes/mxqasim/Chocolathon/data/boxes/slots/empty/50/IMG_2034_r03_c03.jpg,IMG_2034.jpg,50,3,3,631.15,687.56,empty,/homes/mxqasim/Chocolathon/data/boxes/grid_annotations/IMG_2034.json
IMG_2034_r03_c04.jpg,/homes/mxqasim/Chocolathon/data/boxes/slots/empty/50/IMG_2034_r03_c04.jpg,IMG_2034.jpg,50,3,4,869.77,690.17,empty,/homes/mxqasim/Chocolathon/data/boxes/grid_annotations/IMG_2034.json
IMG_2034_r03_c05.jpg,/homes/mxqasim/Chocolathon/data/boxes/slots/empty/50/IMG_2034_r03_c05.jpg,IMG_2034.jpg,50,3,5,1108.39,692.78,empty,/homes/mxqasim/Chocolathon/data/boxes/grid_annotations/IMG_2034.json
IMG_2034_r04_c01.jpg,/homes/mxqasim/Chocolathon/data/boxes/slots/empty/50/IMG_2034_r04_c01.jpg,IMG_2034.jpg,50,4,1,155.5,919.7,empty,/homes/mxqasim/Chocolathon/data/boxes/grid_annotations/IMG_2034.json
IMG_2034_r04_c02.jpg,/homes/mxqasim/Chocolathon/data/boxes/slots/empty/50/IMG_2034_r04_c02.jpg,IMG_2034.jpg,50,4,2,393.25,922.55,empty,/homes/mxqasim/Chocolathon/data/boxes/grid_annotations/IMG_2034.json
IMG_2034_r04_c03.jpg,/homes/mxqasim/Chocolathon/data/boxes/slots/empty/50/IMG_2034_r04_c03.jpg,IMG_2034.jpg,50,4,3,630.99,925.39,empty,/homes/mxqasim/Chocolathon/data/boxes/grid_annotations/IMG_2034.json
IMG_2034_r04_c04.jpg,/homes/mxqasim/Chocolathon/data/boxes/slots/empty/50/IMG_2034_r04_c04.jpg,IMG_2034.jpg,50,4,4,868.74,928.24,empty,/homes/mxqasim/Chocolathon/data/boxes/grid_annotations/IMG_2034.json
IMG_2034_r04_c05.jpg,/homes/mxqasim/Chocolathon/data/boxes/slots/empty/50/IMG_2034_r04_c05.jpg,IMG_2034.jpg,50,4,5,1106.49,931.08,empty,/homes/mxqasim/Chocolathon/data/boxes/grid_annotations/IMG_2034.json
IMG_2034_r05_c01.jpg,/homes/mxqasim/Chocolathon/data/boxes/slots/empty/50/IMG_2034_r05_c01.jpg,IMG_2034.jpg,50,5,1,157.08,1157.05,empty,/homes/mxqasim/Chocolathon/data/boxes/grid_annotations/IMG_2034.json
IMG_2034_r05_c02.jpg,/homes/mxqasim/Chocolathon/data/boxes/slots/empty/50/IMG_2034_r05_c02.jpg,IMG_2034.jpg,50,5,2,393.96,1160.14,empty,/homes/mxqasim/Chocolathon/data/boxes/grid_annotations/IMG_2034.json
IMG_2034_r05_c03.jpg,/homes/mxqasim/Chocolathon/data/boxes/slots/empty/50/IMG_2034_r05_c03.jpg,IMG_2034.jpg,50,5,3,630.84,1163.22,empty,/homes/mxqasim/Chocolathon/data/boxes/grid_annotations/IMG_2034.json
IMG_2034_r05_c04.jpg,/homes/mxqasim/Chocolathon/data/boxes/slots/empty/50/IMG_2034_r05_c04.jpg,IMG_2034.jpg,50,5,4,867.72,1166.3,empty,/homes/mxqasim/Chocolathon/data/boxes/grid_annotations/IMG_2034.json
IMG_2034_r05_c05.jpg,/homes/mxqasim/Chocolathon/data/boxes/slots/empty/50/IMG_2034_r05_c05.jpg,IMG_2034.jpg,50,5,5,1104.59,1169.38,empty,/homes/mxqasim/Chocolathon/data/boxes/grid_annotations/IMG_2034.json
IMG_2034_r06_c01.jpg,/homes/mxqasim/Chocolathon/data/boxes/slots/empty/50/IMG_2034_r06_c01.jpg,IMG_2034.jpg,50,6,1,158.66,1394.41,empty,/homes/mxqasim/Chocolathon/data/boxes/grid_annotations/IMG_2034.json
IMG_2034_r06_c02.jpg,/homes/mxqasim/Chocolathon/data/boxes/slots/empty/50/IMG_2034_r06_c02.jpg,IMG_2034.jpg,50,6,2,394.67,1397.73,empty,/homes/mxqasim/Chocolathon/data/boxes/grid_annotations/IMG_2034.json
IMG_2034_r06_c03.jpg,/homes/mxqasim/Chocolathon/data/boxes/slots/empty/50/IMG_2034_r06_c03.jpg,IMG_2034.jpg,50,6,3,630.68,1401.05,empty,/homes/mxqasim/Chocolathon/data/boxes/grid_annotations/IMG_2034.json
IMG_2034_r06_c04.jpg,/homes/mxqasim/Chocolathon/data/boxes/slots/empty/50/IMG_2034_r06_c04.jpg,IMG_2034.jpg,50,6,4,866.69,1404.37,empty,/homes/mxqasim/Chocolathon/data/boxes/grid_annotations/IMG_2034.json
IMG_2034_r06_c05.jpg,/homes/mxqasim/Chocolathon/data/boxes/slots/empty/50/IMG_2034_r06_c05.jpg,IMG_2034.jpg,50,6,5,1102.7,1407.69,empty,/homes/mxqasim/Chocolathon/data/boxes/grid_annotations/IMG_2034.json
IMG_2034_r07_c01.jpg,/homes/mxqasim/Chocolathon/data/boxes/slots/empty/50/IMG_2034_r07_c01.jpg,IMG_2034.jpg,50,7,1,160.24,1631.76,empty,/homes/mxqasim/Chocolathon/data/boxes/grid_annotations/IMG_2034.json
IMG_2034_r07_c02.jpg,/homes/mxqasim/Chocolathon/data/boxes/slots/empty/50/IMG_2034_r07_c02.jpg,IMG_2034.jpg,50,7,2,395.38,1635.32,empty,/homes/mxqasim/Chocolathon/data/boxes/grid_annotations/IMG_2034.json
IMG_2034_r07_c03.jpg,/homes/mxqasim/Chocolathon/data/boxes/slots/empty/50/IMG_2034_r07_c03.jpg,IMG_2034.jpg,50,7,3,630.52,1638.87,empty,/homes/mxqasim/Chocolathon/data/boxes/grid_annotations/IMG_2034.json
IMG_2034_r07_c04.jpg,/homes/mxqasim/Chocolathon/data/boxes/slots/empty/50/IMG_2034_r07_c04.jpg,IMG_2034.jpg,50,7,4,865.66,1642.43,empty,/homes/mxqasim/Chocolathon/data/boxes/grid_annotations/IMG_2034.json
IMG_2034_r07_c05.jpg,/homes/mxqasim/Chocolathon/data/boxes/slots/empty/50/IMG_2034_r07_c05.jpg,IMG_2034.jpg,50,7,5,1100.8,1645.99,empty,/homes/mxqasim/Chocolathon/data/boxes/grid_annotations/IMG_2034.json
IMG_2034_r08_c01.jpg,/homes/mxqasim/Chocolathon/data/boxes/slots/empty/50/IMG_2034_r08_c01.jpg,IMG_2034.jpg,50,8,1,161.82,1869.11,empty,/homes/mxqasim/Chocolathon/data/boxes/grid_annotations/IMG_2034.json
IMG_2034_r08_c02.jpg,/homes/mxqasim/Chocolathon/data/boxes/slots/empty/50/IMG_2034_r08_c02.jpg,IMG_2034.jpg,50,8,2,396.09,1872.91,empty,/homes/mxqasim/Chocolathon/data/boxes/grid_annotations/IMG_2034.json
IMG_2034_r08_c03.jpg,/homes/mxqasim/Chocolathon/data/boxes/slots/empty/50/IMG_2034_r08_c03.jpg,IMG_2034.jpg,50,8,3,630.36,1876.7,empty,/homes/mxqasim/Chocolathon/data/boxes/grid_annotations/IMG_2034.json
IMG_2034_r08_c04.jpg,/homes/mxqasim/Chocolathon/data/boxes/slots/empty/50/IMG_2034_r08_c04.jpg,IMG_2034.jpg,50,8,4,864.63,1880.49,empty,/homes/mxqasim/Chocolathon/data/boxes/grid_annotations/IMG_2034.json
IMG_2034_r08_c05.jpg,/homes/mxqasim/Chocolathon/data/boxes/slots/empty/50/IMG_2034_r08_c05.jpg,IMG_2034.jpg,50,8,5,1098.9,1884.29,empty,/homes/mxqasim/Chocolathon/data/boxes/grid_annotations/IMG_2034.json
IMG_2034_r09_c01.jpg,/homes/mxqasim/Chocolathon/data/boxes/slots/empty/50/IMG_2034_r09_c01.jpg,IMG_2034.jpg,50,9,1,163.4,2106.47,empty,/homes/mxqasim/Chocolathon/data/boxes/grid_annotations/IMG_2034.json
IMG_2034_r09_c02.jpg,/homes/mxqasim/Chocolathon/data/boxes/slots/empty/50/IMG_2034_r09_c02.jpg,IMG_2034.jpg,50,9,2,396.8,2110.5,empty,/homes/mxqasim/Chocolathon/data/boxes/grid_annotations/IMG_2034.json
IMG_2034_r09_c03.jpg,/homes/mxqasim/Chocolathon/data/boxes/slots/empty/50/IMG_2034_r09_c03.jpg,IMG_2034.jpg,50,9,3,630.2,2114.53,empty,/homes/mxqasim/Chocolathon/data/boxes/grid_annotations/IMG_2034.json
IMG_2034_r09_c04.jpg,/homes/mxqasim/Chocolathon/data/boxes/slots/empty/50/IMG_2034_r09_c04.jpg,IMG_2034.jpg,50,9,4,863.61,2118.56,empty,/homes/mxqasim/Chocolathon/data/boxes/grid_annotations/IMG_2034.json
IMG_2034_r09_c05.jpg,/homes/mxqasim/Chocolathon/data/boxes/slots/empty/50/IMG_2034_r09_c05.jpg,IMG_2034.jpg,50,9,5,1097.01,2122.59,empty,/homes/mxqasim/Chocolathon/data/boxes/grid_annotations/IMG_2034.json
IMG_2034_r10_c01.jpg,/homes/mxqasim/Chocolathon/data/boxes/slots/empty/50/IMG_2034_r10_c01.jpg,IMG_2034.jpg,50,10,1,164.98,2343.82,empty,/homes/mxqasim/Chocolathon/data/boxes/grid_annotations/IMG_2034.json
IMG_2034_r10_c02.jpg,/homes/mxqasim/Chocolathon/data/boxes/slots/empty/50/IMG_2034_r10_c02.jpg,IMG_2034.jpg,50,10,2,397.51,2348.09,empty,/homes/mxqasim/Chocolathon/data/boxes/grid_annotations/IMG_2034.json
IMG_2034_r10_c03.jpg,/homes/mxqasim/Chocolathon/data/boxes/slots/empty/50/IMG_2034_r10_c03.jpg,IMG_2034.jpg,50,10,3,630.04,2352.35,empty,/homes/mxqasim/Chocolathon/data/boxes/grid_annotations/IMG_2034.json
IMG_2034_r10_c04.jpg,/homes/mxqasim/Chocolathon/data/boxes/slots/empty/50/IMG_2034_r10_c04.jpg,IMG_2034.jpg,50,10,4,862.58,2356.62,empty,/homes/mxqasim/Chocolathon/data/boxes/grid_annotations/IMG_2034.json
IMG_2034_r10_c05.jpg,/homes/mxqasim/Chocolathon/data/boxes/slots/empty/50/IMG_2034_r10_c05.jpg,IMG_2034.jpg,50,10,5,1095.11,2360.89,empty,/homes/mxqasim/Chocolathon/data/boxes/grid_annotations/IMG_2034.json
