image,ground_truth,filled_only,expected_capacity,predicted_capacity,capacity_correct,expected_slots,predicted_slots,expected_occupied,predicted_occupied,false_empty,flavor_count_abs_error,exact_flavor_counts,review_slots,seconds
/homes/mxqasim/Chocolathon/data/synthetic_filled_boxes/v5_10_slot/images/IMG_2035_size10_render00.jpg,/homes/mxqasim/Chocolathon/data/synthetic_filled_boxes/v5_10_slot/ground_truth/IMG_2035_size10_render00.csv,True,10,10,True,10,10,10,10,0,0,True,0,0.28243824606761336
/homes/mxqasim/Chocolathon/data/synthetic_filled_boxes/v5_10_slot/images/IMG_2035_size10_render01.jpg,/homes/mxqasim/Chocolathon/data/synthetic_filled_boxes/v5_10_slot/ground_truth/IMG_2035_size10_render01.csv,True,10,10,True,10,10,10,10,0,0,True,0,0.2649972839280963
/homes/mxqasim/Chocolathon/data/synthetic_filled_boxes/v5_10_slot/images/IMG_2035_size10_render02.jpg,/homes/mxqasim/Chocolathon/data/synthetic_filled_boxes/v5_10_slot/ground_truth/IMG_2035_size10_render02.csv,True,10,10,True,10,10,10,10,0,0,True,0,0.2651323648169637
/homes/mxqasim/Chocolathon/data/synthetic_filled_boxes/v5_10_slot/images/IMG_2036_size10_render00.jpg,/homes/mxqasim/Chocolathon/data/synthetic_filled_boxes/v5_10_slot/ground_truth/IMG_2036_size10_render00.csv,True,10,10,True,10,10,10,10,0,0,True,0,0.2647743420675397
/homes/mxqasim/Chocolathon/data/synthetic_filled_boxes/v5_10_slot/images/IMG_2036_size10_render01.jpg,/homes/mxqasim/Chocolathon/data/synthetic_filled_boxes/v5_10_slot/ground_truth/IMG_2036_size10_render01.csv,True,10,10,True,10,10,10,10,0,0,True,0,0.2625070931389928
/homes/mxqasim/Chocolathon/data/synthetic_filled_boxes/v5_10_slot/images/IMG_2036_size10_render02.jpg,/homes/mxqasim/Chocolathon/data/synthetic_filled_boxes/v5_10_slot/ground_truth/IMG_2036_size10_render02.csv,True,10,10,True,10,10,10,10,0,0,True,0,0.2617469201795757
/homes/mxqasim/Chocolathon/data/synthetic_filled_boxes/v5_10_slot/images/IMG_2037_size10_render00.jpg,/homes/mxqasim/Chocolathon/data/synthetic_filled_boxes/v5_10_slot/ground_truth/IMG_2037_size10_render00.csv,True,10,10,True,10,10,10,10,0,0,True,0,0.2464673789218068
/homes/mxqasim/Chocolathon/data/synthetic_filled_boxes/v5_10_slot/images/IMG_2037_size10_render01.jpg,/homes/mxqasim/Chocolathon/data/synthetic_filled_boxes/v5_10_slot/ground_truth/IMG_2037_size10_render01.csv,True,10,10,True,10,10,10,10,0,0,True,0,0.24439126485958695
/homes/mxqasim/Chocolathon/data/synthetic_filled_boxes/v5_10_slot/images/IMG_2037_size10_render02.jpg,/homes/mxqasim/Chocolathon/data/synthetic_filled_boxes/v5_10_slot/ground_truth/IMG_2037_size10_render02.csv,True,10,10,True,10,10,10,10,0,0,True,0,0.246272137388587
